country,countryiso3,year,SP.POP.TOTL,NY.GDP.MKTP.CD,AG.SRF.TOTL.K2,NY.GNP.PCAP.CD
Arab World,1A,2023,482105978.0,3606002342262.32,,7591.1925401276
World,1W,2023,8064976601.0,106939249843452.0,,13331.1342355637
East Asia & Pacific (excluding high income),4E,2023,2137527754.0,21644107579563.1,,10656.8973883815
Europe & Central Asia (excluding high income),7E,2023,249053262.0,2134737666916.84,,7754.05028057722
South Asia,8S,2023,1662580579.0,4210278492152.87,,2603.0070495754
Andorra,AD,2023,80856.0,3785067331.7625,470.0,47920.0
United Arab Emirates,AE,2023,10483751.0,514130432648.06,98647.9,49020.0
Afghanistan,AF,2023,41454761.0,17152234636.8715,652870.0,370.0
Antigua and Barbuda,AG,2023,93316.0,2005785185.18518,440.0,19880.0
Albania,AL,2023,2745972.0,23547180412.3404,28750.0,7680.0
Armenia,AM,2023,2964300.0,24085749592.3359,29740.0,6840.0
Angola,AO,2023,36749906.0,84875162197.0107,1246700.0,2130.0
Argentina,AR,2023,45538401.0,646075277525.125,2780400.0,12890.0
American Samoa,AS,2023,47521.0,,200.0,
Austria,AT,2023,9131761.0,511685203845.001,83879.0,55220.0
Australia,AU,2023,26652777.0,1728057316695.61,7741220.0,63160.0
Aruba,AW,2023,107359.0,3648573136.15155,180.0,30120.0
Azerbaijan,AZ,2023,10153958.0,72428470588.2353,86600.0,6670.0
Central Europe and the Baltics,B8,2023,100175859.0,2273945434904.28,,20661.3186053039
Bosnia and Herzegovina,BA,2023,3185073.0,27592361387.8597,51210.0,8270.0
Barbados,BB,2023,282336.0,6720733200.0,430.0,22870.0
Bangladesh,BD,2023,171466990.0,437415333018.291,147570.0,2880.0
Belgium,BE,2023,11787423.0,644655275111.58,30689.0,55020.0
Burkina Faso,BF,2023,23025776.0,20324617844.5265,274200.0,860.0
Bulgaria,BG,2023,6446596.0,102396840296.147,110996.758,14270.0
Bahrain,BH,2023,1577059.0,46192260638.2979,800.0,28460.0
Burundi,BI,2023,13689450.0,2629391599.50157,27830.0,220.0
Benin,BJ,2023,14111034.0,19673290995.8491,114760.0,1390.0
Bermuda,BM,2023,64698.0,8579242000.0,4290.0,134500.0
Brunei Darussalam,BN,2023,458949.0,15095084686.1651,5770.0,34390.0
Bolivia,BO,2023,12244159.0,45135398002.8944,1098580.0,3620.0
Brazil,BR,2023,211140729.0,2191131765684.63,8510420.0,9310.0
"Bahamas, The",BS,2023,399440.0,15271300000.0,13880.0,35540.0
Bhutan,BT,2023,786385.0,3019253885.46989,38390.0,3740.0
Botswana,BW,2023,2480244.0,19411266967.1044,581730.0,8360.0
Belarus,BY,2023,9178298.0,72478760370.4258,207629.0,7850.0
Belize,BZ,2023,411106.0,3066850000.0,22966.0,6890.0
Canada,CA,2023,40083484.0,2173339670064.33,15634410.0,54660.0
"Congo, Dem. Rep.",CD,2023,105789731.0,67006756666.3604,2344860.0,640.0
Central African Republic,CF,2023,5152421.0,2555492085.94725,622980.0,530.0
"Congo, Rep.",CG,2023,6182885.0,15321055818.3263,342000.0,2450.0
Switzerland,CH,2023,8888093.0,894424821645.205,41290.7,95750.0
Cote d'Ivoire,CI,2023,31165654.0,79618056323.7639,322460.0,2500.0
Chile,CL,2023,19658835.0,335518054097.637,757244.88,15950.0
Cameroon,CM,2023,28372687.0,49279410982.826,475440.0,1690.0
China,CN,2023,1410710000.0,18270356654533.2,9562910.0,13730.0
Colombia,CO,2023,52321152.0,366291836137.916,1140619.1,6720.0
Costa Rica,CR,2023,5105525.0,86497941438.9809,51100.0,14260.0
Cuba,CU,2023,11019931.0,,109880.0,
Cabo Verde,CV,2023,522331.0,2539203428.73837,4030.0,4780.0
Curacao,CW,2023,155800.0,3281419347.37053,444.0,20990.0
Cyprus,CY,2023,1344976.0,33886930712.3394,9250.0,32960.0
Czechia,CZ,2023,10864042.0,343206568134.637,78871.43,29130.0
Germany,DE,2023,83901923.0,4525703903627.53,357680.0,54960.0
Djibouti,DJ,2023,1152944.0,3917150480.80981,23200.0,3510.0
Denmark,DK,2023,5946952.0,407091920305.404,42920.0,73340.0
Dominica,DM,2023,66510.0,659311111.111111,750.0,9990.0
Dominican Republic,DO,2023,11331265.0,120456239153.739,146839.46,9700.0
Algeria,DZ,2023,46164219.0,247626161016.414,2381740.0,4950.0
Ecuador,EC,2023,17980083.0,121147057000.0,256370.0,6590.0
Estonia,EE,2023,1370286.0,41291245222.1948,45340.0,27580.0
"Egypt, Arab Rep.",EG,2023,114535772.0,395926075163.006,1001450.0,3840.0
Eritrea,ER,2023,3470390.0,,121765.8,
Spain,ES,2023,48347910.0,1620090734956.89,505975.98,32940.0
Ethiopia,ET,2023,128691692.0,,1136239.7,
European Union,EU,2023,449425965.0,18602672971721.6,,40801.6527032609
Fragile and conflict affected situations,F1,2023,1057033168.0,1820234347800.98,,1786.3485038719
Finland,FI,2023,5583911.0,294950618733.339,338480.0,53120.0
Fiji,FJ,2023,924145.0,5442046552.96928,18270.0,5680.0
"Micronesia, Fed. Sts.",FM,2023,112630.0,443916782.295594,700.0,4130.0
Faroe Islands,FO,2023,54439.0,3907323961.33964,12960.0,72200.0
France,FR,2023,68287487.0,3051831611384.76,606410.0,45440.0
Gabon,GA,2023,2484789.0,20055720403.471,267670.0,7750.0
United Kingdom,GB,2023,68492000.0,3369861888972.88,243610.0,48560.0
Grenada,GD,2023,117081.0,1323985600.0,340.0,10110.0
Georgia,GE,2023,3715483.0,30777833600.6515,69700.0,6710.0
Ghana,GH,2023,33787914.0,80547146878.3843,238539.0,2280.0
Gibraltar,GI,2023,38471.0,,10.0,
Greenland,GL,2023,56865.0,3326544174.37945,410450.0,
"Gambia, The",GM,2023,2697845.0,2396111020.8801,11300.0,870.0
Guinea,GN,2023,14405468.0,22407615556.0571,245860.0,1340.0
Equatorial Guinea,GQ,2023,1847549.0,12337550583.754,28050.0,4840.0
Greece,GR,2023,10405588.0,243498333237.802,131960.0,22320.0
Guatemala,GT,2023,18124838.0,104368413483.146,108890.0,5470.0
Guam,GU,2023,166506.0,,540.0,
Guinea-Bissau,GW,2023,2153339.0,2077816134.67419,36130.0,970.0
Guyana,GY,2023,826353.0,16918503597.1223,214970.0,17770.0
"Hong Kong SAR, China",HK,2023,7536100.0,381066399066.208,1110.0,54910.0
Honduras,HN,2023,10644851.0,34355805527.9795,112490.0,2880.0
Croatia,HR,2023,3859686.0,84393795502.4421,88070.0,20590.0
Haiti,HT,2023,11637398.0,19850585722.3241,27750.0,1760.0
Hungary,HU,2023,9592186.0,214022571311.24,93030.0,19860.0
Indonesia,ID,2023,281190067.0,1371169301563.62,1916906.77,4810.0
Ireland,IE,2023,5307600.0,551394889339.778,70280.0,78980.0
Israel,IL,2023,9849000.0,512184638998.974,22070.0,54280.0
Isle of Man,IM,2023,84165.0,,570.0,
India,IN,2023,1438069596.0,3638489096033.86,3287260.0,2580.0
Iraq,IQ,2023,45074049.0,268881051643.549,435050.0,5920.0
"Iran, Islamic Rep.",IR,2023,90608707.0,404625655076.275,1745150.0,4640.0
Iceland,IS,2023,393349.0,31452223861.9091,103000.0,80760.0
Italy,IT,2023,58993475.0,2304605139862.79,302070.0,38610.0
Channel Islands,JG,2023,167691.0,12507927159.7265,,
Jamaica,JM,2023,2839786.0,19423355367.2372,10990.0,6220.0
Jordan,JO,2023,11439213.0,51088476338.0282,89318.0,4450.0
Japan,JP,2023,124516650.0,4213167237905.83,377969.27,39360.0
Kenya,KE,2023,55339003.0,108038588970.595,591969.0,2110.0
Kyrgyz Republic,KG,2023,7099750.0,15180842369.4894,199950.0,1840.0
Cambodia,KH,2023,17423880.0,42335646895.7984,181040.0,2390.0
Kiribati,KI,2023,132530.0,288610732.190775,810.0,3690.0
Comoros,KM,2023,850387.0,1430523435.81695,1861.0,1660.0
St. Kitts and Nevis,KN,2023,46758.0,1056751851.85185,260.0,22020.0
"Korea, Dem. People's Rep.",KP,2023,26418204.0,,120540.0,
"Korea, Rep.",KR,2023,51712619.0,1712792854202.37,100450.0,35490.0
Kuwait,KW,2023,4853420.0,165384407267.056,17820.0,42030.0
Cayman Islands,KY,2023,73038.0,7139428557.71423,264.0,
Kazakhstan,KZ,2023,20330104.0,261840101059.923,2724902.0,10690.0
Lao PDR,LA,2023,7664993.0,15843155731.2552,236800.0,2110.0
Lebanon,LB,2023,5773493.0,20078620356.9931,10450.0,3730.0
St. Lucia,LC,2023,179285.0,2430166666.66667,620.0,12440.0
Liechtenstein,LI,2023,39850.0,8287748667.20832,160.0,
Sri Lanka,LK,2023,22037000.0,83716142582.1945,65610.0,3530.0
Liberia,LR,2023,5493031.0,4390000000.0,111370.0,720.0
Lesotho,LS,2023,2311472.0,2117962430.3041,30360.0,1250.0
Lithuania,LT,2023,2871585.0,79789877416.1681,65290.0,25280.0
Luxembourg,LU,2023,666430.0,87574021091.7525,2590.0,89650.0
Latvia,LV,2023,1877445.0,42572151720.138,64590.0,21400.0
Libya,LY,2023,7305659.0,45096462972.4014,1759540.0,5940.0
Morocco,MA,2023,37712505.0,144417103249.646,446550.0,3760.0
Monaco,MC,2023,38956.0,9995350547.12166,74.9,
Moldova,MD,2023,2457783.0,16711906746.2133,33850.0,6250.0
Montenegro,ME,2023,623529.0,7530593375.22034,13888.0,11450.0
St. Martin (French part),MF,2023,27515.0,,50.0,
Madagascar,MG,2023,31195932.0,15869945477.855,587295.0,510.0
Marshall Islands,MH,2023,38827.0,259300000.0,180.0,7860.0
North Macedonia,MK,2023,1827816.0,15763604287.9867,25710.0,7900.0
Mali,ML,2023,23769127.0,24621545564.8753,1240190.0,1010.0
Myanmar,MM,2023,54133798.0,66757619000.0,676590.0,1230.0
Mongolia,MN,2023,3481145.0,20325121393.9074,1564115.75,4870.0
"Macao SAR, China",MO,2023,678800.0,45803067940.4072,33.0,65190.0
Northern Mariana Islands,MP,2023,45143.0,,460.0,
Mauritania,MR,2023,5022441.0,10651709314.1644,1030700.0,2130.0
Malta,MT,2023,552747.0,22210718401.0207,320.0,34500.0
Mauritius,MU,2023,1261041.0,14101195732.6741,2010.0,12070.0
Maldives,MV,2023,525994.0,6590894301.9579,300.0,11090.0
Malawi,MW,2023,21104482.0,12712150082.0792,118480.0,600.0
Mexico,MX,2023,129739759.0,1793798859343.27,1957193.9,12000.0
Malaysia,MY,2023,35126298.0,399705137434.074,330411.0,11710.0
Mozambique,MZ,2023,33635160.0,20954220983.5473,799380.0,540.0
Namibia,NA,2023,2963095.0,12408271447.8691,824290.0,4290.0
New Caledonia,NC,2023,289870.0,,18580.0,
Niger,NE,2023,26159867.0,16698786973.0228,1267000.0,640.0
Nigeria,NG,2023,227882945.0,363846332834.618,923770.0,1880.0
Nicaragua,NI,2023,6823613.0,17805842283.8725,130370.0,2360.0
Netherlands,NL,2023,17877117.0,1154361305398.06,41540.0,62540.0
Norway,NO,2023,5519594.0,482949731776.587,624500.0,103170.0
Nepal,NP,2023,29694614.0,41047772331.0994,147180.0,1430.0
Nauru,NR,2023,11875.0,151455967.735319,20.0,23750.0
New Zealand,NZ,2023,5245000.0,255194972673.122,267710.0,48600.0
OECD members,OE,2023,1388472514.0,64803502836722.8,,46422.7945273571
Oman,OM,2023,5049269.0,105895708712.614,309500.0,20020.0
Panama,PA,2023,4458759.0,83318176900.0,75320.0,17870.0
Peru,PE,2023,33845617.0,266958720837.988,1285215.6,7080.0
French Polynesia,PF,2023,281118.0,6402221222.32749,3471.0,25270.0
Papua New Guinea,PG,2023,10389635.0,30816367066.9594,462840.0,2800.0
Philippines,PH,2023,114891199.0,437055627244.424,300000.0,4320.0
Pakistan,PK,2023,247504495.0,337885531778.052,796100.0,1460.0
Poland,PL,2023,36687353.0,812451128978.58,313930.0,19940.0
Puerto Rico (US),PR,2023,3203792.0,118375000000.0,8870.0,25270.0
West Bank and Gaza,PS,2023,5165775.0,17847900000.0,6025.0,4310.0
Portugal,PT,2023,10578174.0,289696962620.235,92230.0,26160.0
Palau,PW,2023,17727.0,281849100.0,460.0,14070.0
Paraguay,PY,2023,6844146.0,43118053174.5413,406752.0,6200.0
Qatar,QA,2023,2656032.0,213002809340.659,11490.0,79430.0
Romania,RO,2023,19059479.0,350775856415.189,238400.0,16690.0
Serbia,RS,2023,6623183.0,81342660752.3732,84990.0,10760.0
Russian Federation,RU,2023,143826130.0,2071505725030.58,17125190.0,14460.0
Rwanda,RW,2023,13954471.0,14331722700.3249,26338.0,1000.0
Small states,S1,2023,20051342.0,285189556483.076,,13688.7988172121
Pacific island small states,S2,2023,2689224.0,11168877227.3837,,4288.41749154162
Caribbean small states,S3,2023,4519904.0,79470143934.8758,,17014.8415176527
Other small states,S4,2023,12842214.0,194578375098.132,,14484.4443810907
Saudi Arabia,SA,2023,33702731.0,1218584533333.33,2149690.0,36330.0
Solomon Islands,SB,2023,800005.0,1660896530.71894,28900.0,2110.0
Seychelles,SC,2023,119773.0,2187379754.66167,460.0,16400.0
Sudan,SD,2023,50042791.0,39898289820.7951,1878000.0,640.0
Sweden,SE,2023,10536632.0,585489968189.064,528660.0,60910.0
Singapore,SG,2023,5917648.0,505439514078.019,728.0,69850.0
Slovenia,SI,2023,2120461.0,69148468417.3208,20480.0,30990.0
Slovak Republic,SK,2023,5426740.0,133896931490.224,49030.0,23100.0
Sierra Leone,SL,2023,8460512.0,6411787856.06581,72300.0,870.0
San Marino,SM,2023,33860.0,,60.0,
Senegal,SN,2023,18077573.0,30696331295.7826,196710.0,1630.0
"Somalia, Fed. Rep.",SO,2023,18358615.0,10968517089.9982,637660.0,590.0
Suriname,SR,2023,628886.0,3455146280.83975,163820.0,5200.0
South Sudan,SS,2023,11483374.0,,646883.0,
Sao Tome and Principe,ST,2023,230871.0,678976264.835436,960.0,2580.0
El Salvador,SV,2023,6309624.0,33853940000.0,21040.0,4950.0
Sint Maarten (Dutch part),SX,2023,42749.0,1627776949.27374,34.0,36890.0
Syrian Arab Republic,SY,2023,23594623.0,19993439949.5435,185180.0,770.0
Eswatini,SZ,2023,1230506.0,4604172127.36299,17360.0,3750.0
Latin America & the Caribbean (IDA & IBRD countries),T2,2023,642397939.0,6804996162368.3,,9540.39916954393
"Middle East, North Africa, Afghanistan & Pakistan (IDA & IBRD)",T3,2023,723911670.0,2021678672152.72,,2873.6801900417
East Asia & Pacific (IDA & IBRD countries),T4,2023,2111139152.0,21617377390319.4,,10776.8154840505
South Asia (IDA & IBRD),T5,2023,1662580579.0,4210278492152.87,,2603.0070495754
Sub-Saharan Africa (IDA & IBRD countries),T6,2023,1259902353.0,1946245643472.37,,1606.06071199712
Europe & Central Asia (IDA & IBRD countries),T7,2023,458932506.0,5556261013139.78,,11479.0437923345
Turks and Caicos Islands,TC,2023,46198.0,1638653000.0,950.0,34690.0
Chad,TD,2023,19319064.0,19107685020.89,1284000.0,1000.0
Togo,TG,2023,9304337.0,9171261837.57103,56790.0,1000.0
Thailand,TH,2023,71702435.0,515906283940.933,513115.021,7190.0
Tajikistan,TJ,2023,10389799.0,12244169292.7998,141379.0,1400.0
Timor-Leste,TL,2023,1384286.0,2079916909.49485,14870.0,2020.0
Turkmenistan,TM,2023,7364438.0,60628857142.8571,491209.0,8250.0
Tunisia,TN,2023,12200431.0,48196281783.9479,163610.0,3850.0
Tonga,TO,2023,104597.0,508735107.033734,750.0,5520.0
Turkiye,TR,2023,85325965.0,1118252958513.72,785350.0,11730.0
Trinidad and Tobago,TT,2023,1367510.0,25489373405.0619,5130.0,20070.0
Tuvalu,TV,2023,9816.0,62280311.5852172,30.0,8770.0
Tanzania,TZ,2023,66617606.0,79062403836.8432,947300.0,1220.0
Ukraine,UA,2023,37732836.0,181221517868.744,603550.0,4980.0
Uganda,UG,2023,48656601.0,48768955859.2834,241550.0,970.0
United States,US,2023,336806231.0,27720709000000.0,9831510.0,80710.0
Uruguay,UY,2023,3388081.0,77991666837.7382,176220.0,19850.0
Uzbekistan,UZ,2023,35652307.0,102641879248.764,448920.0,2750.0
Pre-demographic dividend,V1,2023,1078224044.0,1527124866810.94,,1453.36669415236
Early-demographic dividend,V2,2023,3511607650.0,15147839465127.3,,4257.03810830471
Late-demographic dividend,V3,2023,2326636900.0,28903171309924.7,,12640.2275658178
Post-demographic dividend,V4,2023,1121892872.0,60538844740701.7,,54106.4191608446
St. Vincent and the Grenadines,VC,2023,101323.0,1072237037.03704,390.0,10380.0
"Venezuela, RB",VE,2023,28300854.0,,912050.0,
British Virgin Islands,VG,2023,38985.0,,150.0,
Virgin Islands (U.S.),VI,2023,104917.0,,350.0,
Viet Nam,VN,2023,100352192.0,433857681378.291,331338.31,4150.0
Vanuatu,VU,2023,320409.0,1126313359.21923,12190.0,3830.0
Samoa,WS,2023,216663.0,938189443.830393,2840.0,4220.0
Euro area,XC,2023,350292725.0,15787238118091.4,,44564.6671933946
High income,XD,2023,1408764584.0,68618756866831.8,,48706.1531488396
Heavily indebted poor countries (HIPC),XE,2023,917304254.0,1045906705389.1,,1102.21272345747
IBRD only,XF,2023,4952554878.0,39445795860390.1,,8033.92098439677
IDA total,XG,2023,1906309321.0,2781199862737.98,,1518.66080608892
IDA blend,XH,2023,664395892.0,1149351628081.53,,1858.85392661952
IDA only,XI,2023,1241913429.0,1638623353905.75,,1339.32103168683
Latin America & Caribbean (excluding high income),XJ,2023,589889543.0,5997364907507.01,,9079.74661468498
Kosovo,XK,2023,1682668.0,10468220306.907,,6290.0
Least developed countries: UN classification,XL,2023,1160824674.0,1416482888487.06,,1257.05400580911
Low income,XM,2023,607774703.0,423723013875.631,,673.515604559036
Lower middle income,XN,2023,3082002881.0,7530591347605.22,,2532.10823987204
Low & middle income,XO,2023,6499219471.0,37824423052000.7,,5908.52605541058
Middle income,XP,2023,5891444768.0,37397441616315.5,,6447.84925060964
"Middle East, North Africa, Afghanistan & Pakistan (excluding high income)",XQ,2023,729077445.0,2039526572152.72,,2883.86113314939
Upper middle income,XT,2023,2809441887.0,29868066574997.4,,10743.5876675825
North America,XU,2023,376954413.0,29902627912064.3,,77950.0172840059
Not classified,XY,2023,,,,
"Yemen, Rep.",YE,2023,39390799.0,,527970.0,
East Asia & Pacific,Z4,2023,2384479340.0,31279384293039.7,,13919.0477250635
Europe & Central Asia,Z7,2023,925640799.0,27617157896730.2,,29376.0444000929
South Africa,ZA,2023,63212384.0,380699271816.395,1219090.0,6480.0
Sub-Saharan Africa (excluding high income),ZF,2023,1131090888.0,1825737943161.89,,1675.25555955705
Sub-Saharan Africa,ZG,2023,1259902353.0,1946245643472.37,,1606.06071199712
Africa Eastern and Southern,ZH,2023,750503764.0,1133818271029.39,,1549.41197158948
Africa Western and Central,ZI,2023,509398589.0,814728528754.188,,1697.19070871757
Latin America & Caribbean,ZJ,2023,657617663.0,7127804705256.22,,9670.28011542921
Zambia,ZM,2023,20723965.0,27577956471.244,752610.0,1290.0
"Middle East, North Africa, Afghanistan & Pakistan",ZQ,2023,797801454.0,4837112081492.74,,6211.31415806527
IDA & IBRD total,ZT,2023,6858864199.0,42232758175761.5,,6223.75426665367
Zimbabwe,ZW,2023,16340822.0,35231369343.4002,390760.0,2060.0
