Consumption emissions in MtCO₂,,,,,,,,,,,,,,,,,,,,,,,,,,,,,,,,,,,,,,,,,,,,,,,,,,,,,,,,,,,,,,,,,,,,,,,,,,,,,,,,,,,,,,,,,,,,,,,,,,,,,,,,,,,,,,,,,,,,,,,,,,,,,,,,,,,,,,,,,,,,,,,,,,,,,,,,,,,,,,,,,,,,,,,,,,,,,,,,,,,,,,,,,,,,,,,,,,,,,,,,,,,,,,,,,,,,,,,,,,,,,
,Afghanistan,Albania,Algeria,Andorra,Angola,Anguilla,Antigua and Barbuda,Argentina,Armenia,Aruba,Australia,Austria,Azerbaijan,Bahamas,Bahrain,Bangladesh,Barbados,Belarus,Belgium,Belize,Benin,Bermuda,Bhutan,Bolivia,"Bonaire, Saint Eustatius and Saba",Bosnia and Herzegovina,Botswana,Brazil,British Virgin Islands,Brunei Darussalam,Bulgaria,Burkina Faso,Burundi,Cambodia,Cameroon,Canada,Cape Verde,Cayman Islands,Central African Republic,Chad,Chile,China,Colombia,Comoros,Congo,Cook Islands,Costa Rica,Croatia,Cuba,Curaçao,Cyprus,Czech Republic,Côte d'Ivoire,Democratic Republic of the Congo,Denmark,Djibouti,Dominica,Dominican Republic,Ecuador,Egypt,El Salvador,Equatorial Guinea,Eritrea,Estonia,Ethiopia,Faeroe Islands,Falkland Islands (Malvinas),Fiji,Finland,France,French Guiana,French Polynesia,Gabon,Gambia,Georgia,Germany,Ghana,Gibraltar,Greece,Greenland,Grenada,Guadeloupe,Guatemala,Guinea,Guinea-Bissau,Guyana,Haiti,Honduras,Hong Kong,Hungary,Iceland,India,Indonesia,Iran,Iraq,Ireland,Israel,Italy,Jamaica,Japan,Jordan,Kazakhstan,Kenya,Kiribati,Kosovo,Kuwait,Kyrgyzstan,Laos,Latvia,Lebanon,Lesotho,Liberia,Libya,Liechtenstein,Lithuania,Luxembourg,Macao,Madagascar,Malawi,Malaysia,Maldives,Mali,Malta,Marshall Islands,Martinique,Mauritania,Mauritius,Mexico,Micronesia (Federated States of),Moldova,Mongolia,Montenegro,Montserrat,Morocco,Mozambique,Myanmar,Namibia,Nauru,Nepal,Netherlands,New Caledonia,New Zealand,Nicaragua,Niger,Nigeria,Niue,North Korea,North Macedonia,Norway,Occupied Palestinian Territory,Oman,Pakistan,Palau,Panama,Papua New Guinea,Paraguay,Peru,Philippines,Poland,Portugal,Qatar,Republic of South Sudan,Romania,Russian Federation,Rwanda,Réunion,Saint Helena,Saint Kitts and Nevis,Saint Lucia,Saint Pierre and Miquelon,Saint Vincent and the Grenadines,Samoa,Sao Tome and Principe,Saudi Arabia,Senegal,Serbia,Seychelles,Sierra Leone,Singapore,Slovakia,Slovenia,Solomon Islands,Somalia,South Africa,South Korea,Spain,Sri Lanka,Sudan,Suriname,Swaziland,Sweden,Switzerland,Syria,Taiwan,Tajikistan,Tanzania,Thailand,Timor-Leste,Togo,Tonga,Trinidad and Tobago,Tunisia,Turkey,Turkmenistan,Turks and Caicos Islands,Tuvalu,Uganda,Ukraine,United Arab Emirates,United Kingdom,United States of America,Uruguay,Uzbekistan,Vanuatu,Venezuela,Vietnam,Wallis and Futuna Islands,Western Sahara,Yemen,Zambia,Zimbabwe
1960,,,,,,,,,,,,,,,,,,,,,,,,,,,,,,,,,,,,,,,,,,,,,,,,,,,,,,,,,,,,,,,,,,,,,,,,,,,,,,,,,,,,,,,,,,,,,,,,,,,,,,,,,,,,,,,,,,,,,,,,,,,,,,,,,,,,,,,,,,,,,,,,,,,,,,,,,,,,,,,,,,,,,,,,,,,,,,,,,,,,,,,,,,,,,,,,,,,,,,,,,,,,,,,,,,,,,,,,,,,,,
1961,,,,,,,,,,,,,,,,,,,,,,,,,,,,,,,,,,,,,,,,,,,,,,,,,,,,,,,,,,,,,,,,,,,,,,,,,,,,,,,,,,,,,,,,,,,,,,,,,,,,,,,,,,,,,,,,,,,,,,,,,,,,,,,,,,,,,,,,,,,,,,,,,,,,,,,,,,,,,,,,,,,,,,,,,,,,,,,,,,,,,,,,,,,,,,,,,,,,,,,,,,,,,,,,,,,,,,,,,,,,,
1962,,,,,,,,,,,,,,,,,,,,,,,,,,,,,,,,,,,,,,,,,,,,,,,,,,,,,,,,,,,,,,,,,,,,,,,,,,,,,,,,,,,,,,,,,,,,,,,,,,,,,,,,,,,,,,,,,,,,,,,,,,,,,,,,,,,,,,,,,,,,,,,,,,,,,,,,,,,,,,,,,,,,,,,,,,,,,,,,,,,,,,,,,,,,,,,,,,,,,,,,,,,,,,,,,,,,,,,,,,,,,
1963,,,,,,,,,,,,,,,,,,,,,,,,,,,,,,,,,,,,,,,,,,,,,,,,,,,,,,,,,,,,,,,,,,,,,,,,,,,,,,,,,,,,,,,,,,,,,,,,,,,,,,,,,,,,,,,,,,,,,,,,,,,,,,,,,,,,,,,,,,,,,,,,,,,,,,,,,,,,,,,,,,,,,,,,,,,,,,,,,,,,,,,,,,,,,,,,,,,,,,,,,,,,,,,,,,,,,,,,,,,,,
1964,,,,,,,,,,,,,,,,,,,,,,,,,,,,,,,,,,,,,,,,,,,,,,,,,,,,,,,,,,,,,,,,,,,,,,,,,,,,,,,,,,,,,,,,,,,,,,,,,,,,,,,,,,,,,,,,,,,,,,,,,,,,,,,,,,,,,,,,,,,,,,,,,,,,,,,,,,,,,,,,,,,,,,,,,,,,,,,,,,,,,,,,,,,,,,,,,,,,,,,,,,,,,,,,,,,,,,,,,,,,,
1965,,,,,,,,,,,,,,,,,,,,,,,,,,,,,,,,,,,,,,,,,,,,,,,,,,,,,,,,,,,,,,,,,,,,,,,,,,,,,,,,,,,,,,,,,,,,,,,,,,,,,,,,,,,,,,,,,,,,,,,,,,,,,,,,,,,,,,,,,,,,,,,,,,,,,,,,,,,,,,,,,,,,,,,,,,,,,,,,,,,,,,,,,,,,,,,,,,,,,,,,,,,,,,,,,,,,,,,,,,,,,
1966,,,,,,,,,,,,,,,,,,,,,,,,,,,,,,,,,,,,,,,,,,,,,,,,,,,,,,,,,,,,,,,,,,,,,,,,,,,,,,,,,,,,,,,,,,,,,,,,,,,,,,,,,,,,,,,,,,,,,,,,,,,,,,,,,,,,,,,,,,,,,,,,,,,,,,,,,,,,,,,,,,,,,,,,,,,,,,,,,,,,,,,,,,,,,,,,,,,,,,,,,,,,,,,,,,,,,,,,,,,,,
1967,,,,,,,,,,,,,,,,,,,,,,,,,,,,,,,,,,,,,,,,,,,,,,,,,,,,,,,,,,,,,,,,,,,,,,,,,,,,,,,,,,,,,,,,,,,,,,,,,,,,,,,,,,,,,,,,,,,,,,,,,,,,,,,,,,,,,,,,,,,,,,,,,,,,,,,,,,,,,,,,,,,,,,,,,,,,,,,,,,,,,,,,,,,,,,,,,,,,,,,,,,,,,,,,,,,,,,,,,,,,,
1968,,,,,,,,,,,,,,,,,,,,,,,,,,,,,,,,,,,,,,,,,,,,,,,,,,,,,,,,,,,,,,,,,,,,,,,,,,,,,,,,,,,,,,,,,,,,,,,,,,,,,,,,,,,,,,,,,,,,,,,,,,,,,,,,,,,,,,,,,,,,,,,,,,,,,,,,,,,,,,,,,,,,,,,,,,,,,,,,,,,,,,,,,,,,,,,,,,,,,,,,,,,,,,,,,,,,,,,,,,,,,
1969,,,,,,,,,,,,,,,,,,,,,,,,,,,,,,,,,,,,,,,,,,,,,,,,,,,,,,,,,,,,,,,,,,,,,,,,,,,,,,,,,,,,,,,,,,,,,,,,,,,,,,,,,,,,,,,,,,,,,,,,,,,,,,,,,,,,,,,,,,,,,,,,,,,,,,,,,,,,,,,,,,,,,,,,,,,,,,,,,,,,,,,,,,,,,,,,,,,,,,,,,,,,,,,,,,,,,,,,,,,,,
1970,,,,,,,,,,,,,,,,,,,,,,,,,,,,,,,,,,,,,,,,,,,,,,,,,,,,,,,,,,,,,,,,,,,,,,,,,,,,,,,,,,,,,,,,,,,,,,,,,,,,,,,,,,,,,,,,,,,,,,,,,,,,,,,,,,,,,,,,,,,,,,,,,,,,,,,,,,,,,,,,,,,,,,,,,,,,,,,,,,,,,,,,,,,,,,,,,,,,,,,,,,,,,,,,,,,,,,,,,,,,,
1971,,,,,,,,,,,,,,,,,,,,,,,,,,,,,,,,,,,,,,,,,,,,,,,,,,,,,,,,,,,,,,,,,,,,,,,,,,,,,,,,,,,,,,,,,,,,,,,,,,,,,,,,,,,,,,,,,,,,,,,,,,,,,,,,,,,,,,,,,,,,,,,,,,,,,,,,,,,,,,,,,,,,,,,,,,,,,,,,,,,,,,,,,,,,,,,,,,,,,,,,,,,,,,,,,,,,,,,,,,,,,
1972,,,,,,,,,,,,,,,,,,,,,,,,,,,,,,,,,,,,,,,,,,,,,,,,,,,,,,,,,,,,,,,,,,,,,,,,,,,,,,,,,,,,,,,,,,,,,,,,,,,,,,,,,,,,,,,,,,,,,,,,,,,,,,,,,,,,,,,,,,,,,,,,,,,,,,,,,,,,,,,,,,,,,,,,,,,,,,,,,,,,,,,,,,,,,,,,,,,,,,,,,,,,,,,,,,,,,,,,,,,,,
1973,,,,,,,,,,,,,,,,,,,,,,,,,,,,,,,,,,,,,,,,,,,,,,,,,,,,,,,,,,,,,,,,,,,,,,,,,,,,,,,,,,,,,,,,,,,,,,,,,,,,,,,,,,,,,,,,,,,,,,,,,,,,,,,,,,,,,,,,,,,,,,,,,,,,,,,,,,,,,,,,,,,,,,,,,,,,,,,,,,,,,,,,,,,,,,,,,,,,,,,,,,,,,,,,,,,,,,,,,,,,,
1974,,,,,,,,,,,,,,,,,,,,,,,,,,,,,,,,,,,,,,,,,,,,,,,,,,,,,,,,,,,,,,,,,,,,,,,,,,,,,,,,,,,,,,,,,,,,,,,,,,,,,,,,,,,,,,,,,,,,,,,,,,,,,,,,,,,,,,,,,,,,,,,,,,,,,,,,,,,,,,,,,,,,,,,,,,,,,,,,,,,,,,,,,,,,,,,,,,,,,,,,,,,,,,,,,,,,,,,,,,,,,
1975,,,,,,,,,,,,,,,,,,,,,,,,,,,,,,,,,,,,,,,,,,,,,,,,,,,,,,,,,,,,,,,,,,,,,,,,,,,,,,,,,,,,,,,,,,,,,,,,,,,,,,,,,,,,,,,,,,,,,,,,,,,,,,,,,,,,,,,,,,,,,,,,,,,,,,,,,,,,,,,,,,,,,,,,,,,,,,,,,,,,,,,,,,,,,,,,,,,,,,,,,,,,,,,,,,,,,,,,,,,,,
1976,,,,,,,,,,,,,,,,,,,,,,,,,,,,,,,,,,,,,,,,,,,,,,,,,,,,,,,,,,,,,,,,,,,,,,,,,,,,,,,,,,,,,,,,,,,,,,,,,,,,,,,,,,,,,,,,,,,,,,,,,,,,,,,,,,,,,,,,,,,,,,,,,,,,,,,,,,,,,,,,,,,,,,,,,,,,,,,,,,,,,,,,,,,,,,,,,,,,,,,,,,,,,,,,,,,,,,,,,,,,,
1977,,,,,,,,,,,,,,,,,,,,,,,,,,,,,,,,,,,,,,,,,,,,,,,,,,,,,,,,,,,,,,,,,,,,,,,,,,,,,,,,,,,,,,,,,,,,,,,,,,,,,,,,,,,,,,,,,,,,,,,,,,,,,,,,,,,,,,,,,,,,,,,,,,,,,,,,,,,,,,,,,,,,,,,,,,,,,,,,,,,,,,,,,,,,,,,,,,,,,,,,,,,,,,,,,,,,,,,,,,,,,
1978,,,,,,,,,,,,,,,,,,,,,,,,,,,,,,,,,,,,,,,,,,,,,,,,,,,,,,,,,,,,,,,,,,,,,,,,,,,,,,,,,,,,,,,,,,,,,,,,,,,,,,,,,,,,,,,,,,,,,,,,,,,,,,,,,,,,,,,,,,,,,,,,,,,,,,,,,,,,,,,,,,,,,,,,,,,,,,,,,,,,,,,,,,,,,,,,,,,,,,,,,,,,,,,,,,,,,,,,,,,,,
1979,,,,,,,,,,,,,,,,,,,,,,,,,,,,,,,,,,,,,,,,,,,,,,,,,,,,,,,,,,,,,,,,,,,,,,,,,,,,,,,,,,,,,,,,,,,,,,,,,,,,,,,,,,,,,,,,,,,,,,,,,,,,,,,,,,,,,,,,,,,,,,,,,,,,,,,,,,,,,,,,,,,,,,,,,,,,,,,,,,,,,,,,,,,,,,,,,,,,,,,,,,,,,,,,,,,,,,,,,,,,,
1980,,,,,,,,,,,,,,,,,,,,,,,,,,,,,,,,,,,,,,,,,,,,,,,,,,,,,,,,,,,,,,,,,,,,,,,,,,,,,,,,,,,,,,,,,,,,,,,,,,,,,,,,,,,,,,,,,,,,,,,,,,,,,,,,,,,,,,,,,,,,,,,,,,,,,,,,,,,,,,,,,,,,,,,,,,,,,,,,,,,,,,,,,,,,,,,,,,,,,,,,,,,,,,,,,,,,,,,,,,,,,
1981,,,,,,,,,,,,,,,,,,,,,,,,,,,,,,,,,,,,,,,,,,,,,,,,,,,,,,,,,,,,,,,,,,,,,,,,,,,,,,,,,,,,,,,,,,,,,,,,,,,,,,,,,,,,,,,,,,,,,,,,,,,,,,,,,,,,,,,,,,,,,,,,,,,,,,,,,,,,,,,,,,,,,,,,,,,,,,,,,,,,,,,,,,,,,,,,,,,,,,,,,,,,,,,,,,,,,,,,,,,,,
1982,,,,,,,,,,,,,,,,,,,,,,,,,,,,,,,,,,,,,,,,,,,,,,,,,,,,,,,,,,,,,,,,,,,,,,,,,,,,,,,,,,,,,,,,,,,,,,,,,,,,,,,,,,,,,,,,,,,,,,,,,,,,,,,,,,,,,,,,,,,,,,,,,,,,,,,,,,,,,,,,,,,,,,,,,,,,,,,,,,,,,,,,,,,,,,,,,,,,,,,,,,,,,,,,,,,,,,,,,,,,,
1983,,,,,,,,,,,,,,,,,,,,,,,,,,,,,,,,,,,,,,,,,,,,,,,,,,,,,,,,,,,,,,,,,,,,,,,,,,,,,,,,,,,,,,,,,,,,,,,,,,,,,,,,,,,,,,,,,,,,,,,,,,,,,,,,,,,,,,,,,,,,,,,,,,,,,,,,,,,,,,,,,,,,,,,,,,,,,,,,,,,,,,,,,,,,,,,,,,,,,,,,,,,,,,,,,,,,,,,,,,,,,
1984,,,,,,,,,,,,,,,,,,,,,,,,,,,,,,,,,,,,,,,,,,,,,,,,,,,,,,,,,,,,,,,,,,,,,,,,,,,,,,,,,,,,,,,,,,,,,,,,,,,,,,,,,,,,,,,,,,,,,,,,,,,,,,,,,,,,,,,,,,,,,,,,,,,,,,,,,,,,,,,,,,,,,,,,,,,,,,,,,,,,,,,,,,,,,,,,,,,,,,,,,,,,,,,,,,,,,,,,,,,,,
1985,,,,,,,,,,,,,,,,,,,,,,,,,,,,,,,,,,,,,,,,,,,,,,,,,,,,,,,,,,,,,,,,,,,,,,,,,,,,,,,,,,,,,,,,,,,,,,,,,,,,,,,,,,,,,,,,,,,,,,,,,,,,,,,,,,,,,,,,,,,,,,,,,,,,,,,,,,,,,,,,,,,,,,,,,,,,,,,,,,,,,,,,,,,,,,,,,,,,,,,,,,,,,,,,,,,,,,,,,,,,,
1986,,,,,,,,,,,,,,,,,,,,,,,,,,,,,,,,,,,,,,,,,,,,,,,,,,,,,,,,,,,,,,,,,,,,,,,,,,,,,,,,,,,,,,,,,,,,,,,,,,,,,,,,,,,,,,,,,,,,,,,,,,,,,,,,,,,,,,,,,,,,,,,,,,,,,,,,,,,,,,,,,,,,,,,,,,,,,,,,,,,,,,,,,,,,,,,,,,,,,,,,,,,,,,,,,,,,,,,,,,,,,
1987,,,,,,,,,,,,,,,,,,,,,,,,,,,,,,,,,,,,,,,,,,,,,,,,,,,,,,,,,,,,,,,,,,,,,,,,,,,,,,,,,,,,,,,,,,,,,,,,,,,,,,,,,,,,,,,,,,,,,,,,,,,,,,,,,,,,,,,,,,,,,,,,,,,,,,,,,,,,,,,,,,,,,,,,,,,,,,,,,,,,,,,,,,,,,,,,,,,,,,,,,,,,,,,,,,,,,,,,,,,,,
1988,,,,,,,,,,,,,,,,,,,,,,,,,,,,,,,,,,,,,,,,,,,,,,,,,,,,,,,,,,,,,,,,,,,,,,,,,,,,,,,,,,,,,,,,,,,,,,,,,,,,,,,,,,,,,,,,,,,,,,,,,,,,,,,,,,,,,,,,,,,,,,,,,,,,,,,,,,,,,,,,,,,,,,,,,,,,,,,,,,,,,,,,,,,,,,,,,,,,,,,,,,,,,,,,,,,,,,,,,,,,,
1989,,,,,,,,,,,,,,,,,,,,,,,,,,,,,,,,,,,,,,,,,,,,,,,,,,,,,,,,,,,,,,,,,,,,,,,,,,,,,,,,,,,,,,,,,,,,,,,,,,,,,,,,,,,,,,,,,,,,,,,,,,,,,,,,,,,,,,,,,,,,,,,,,,,,,,,,,,,,,,,,,,,,,,,,,,,,,,,,,,,,,,,,,,,,,,,,,,,,,,,,,,,,,,,,,,,,,,,,,,,,,
1990,,5.5735,,,,,,115.5429,6.2952,,244.6807,88.6499,29.7801,,9.0706,14.2861,,65.456,120.3354,,1.0542,,,8.3505,,,2.7004,238.6824,,3.812,62.2317,0.82522,,1.934,3.2788,497.1791,,,,,32.3788,2360.7709,60.0905,,,,4.8632,20.0878,,,5.4582,151.4372,5.7662,,60.7442,,,6.1953,14.8894,79.2115,3.855,,,31.2294,3.0171,,,,88.6293,485.3695,,,,,9.6907,1200.0366,4.524,,94.8013,,,,4.1767,1.2799,,,,1.8342,61.7094,88.5345,,583.3527,147.0642,203.0752,,37.6634,54.5296,559.2346,9.132,1362.4511,18.1777,247.822,6.8219,,,35.4751,21.3461,0.84833,20.9549,,,,,,41.5249,11.8092,,1.1499,0.69472,72.2061,,,3.2626,,,,1.9628,325.4668,,,8.9159,,,29.6078,1.6197,,0,,1.1413,174.5654,,27.1614,2.3421,,36.8768,,,,,,12.3384,69.1721,,2.7423,,3.6346,23.1893,50.8278,324.4801,52.7885,9.8833,,160.7594,2043.0364,0.62897,,,,,,,,,173.1752,3.2812,,,,61.7505,70.9807,21.4999,,,312.9339,330.9853,270.9285,3.2465,,,,112.1693,86.7567,,81.5957,5.5661,2.8905,124.8186,,0.92709,,10.5321,12.8972,209.6352,,,,1.313,515.9459,55.0899,666.0066,5051.34,4.8071,,,86.197,23.2777,,,,1.5793,12.8739
1991,,4.6161,,,,,,123.9981,4.8484,,245.4259,90.4306,23.377,,9.5695,14.7558,,69.0782,123.3962,,1.1052,,,8.9036,,,2.6344,245.6253,,4.727,45.3627,0.87533,,2.0111,3.3455,497.0201,,,,,31.3949,2457.9165,59.1727,,,,5.0584,14.8838,,,5.5866,133.1633,5.3865,,65.5048,,,6.7361,14.5457,74.9486,4.4815,,,29.734,3.0039,,,,81.0079,499.9328,,,,,10.7932,1148.6294,4.9388,,93.6874,,,,4.2598,1.2827,,,,1.8815,65.2806,81.2158,,603.9084,160.5795,213.9365,,38.2347,54.7025,558.6355,8.7125,1383.1949,15.5341,184.6328,6.0554,,,19.7298,22.7296,0.91142,19.4737,,,,,,46.0244,12.4204,,1.2311,0.74396,79.1284,,,3.1242,,,,2.0335,343.0517,,,8.7309,,,29.7956,1.4964,,1.0442,,1.4951,174.4761,,27.2952,2.3495,,38.7721,,,,,,13.139,68.3107,,2.819,,3.707,23.237,52.9538,340.8405,54.7324,14.9609,,128.7276,2058.1477,0.57983,,,,,,,,,225.7118,3.4639,,,,62.8381,56.4869,20.0816,,,326.0304,353.9212,277.5819,3.5688,,,,105.8805,87.2962,,87.2018,4.3544,3.1055,126.0766,,0.99475,,11.2314,13.6935,210.7595,,,,1.3371,466.902,60.4466,677.0338,4974.3799,5.3746,,,89.6716,23.1658,,,,1.8511,12.7174
1992,,2.9249,,,,,,131.4031,3.8071,,248.0661,93.85,15.9817,,9.0312,15.8885,,47.0147,122.5193,,1.1484,,,9.6021,,,2.7773,247.3189,,5.087,42.9657,0.87934,,2.1033,3.5108,513.9265,,,,,33.909,2658.184,66.5639,,,,5.6247,17.6658,,,6.1964,146.0359,5.6498,,67.6543,,,7.6039,18.367,84.1047,4.7747,,,23.1284,3.026,,,,104.0456,533.9498,,,,,9.1642,1236.1564,4.351,,103.6884,,,,5.693,1.3235,,,,2.2621,71.8587,90.4957,,656.8376,186.4639,219.4458,,38.0532,63.0045,618.21,8.2608,1500.0411,18.1771,82.2931,6.7797,,,30.0336,28.6412,0.9698,17.577,,,,,,52.5158,12.1894,,1.2492,0.75418,88.7579,,,3.2714,,,,2.2858,350.9536,,,9.1393,,,34.2867,1.603,,1.1395,,1.6948,188.2166,,28.605,2.9004,,42.615,,,,,,13.4615,72.6956,,3.2814,,4.2467,23.7675,58.0896,347.8034,60.9991,21.8991,,114.6518,732.7831,0.59284,,,,,,,,,254.2838,3.5853,,,,75.0147,54.0044,22.2775,,,301.3291,420.2321,301.9632,4.2069,,,,114.7895,96.7998,,96.7741,4.1088,3.052,165.4254,,1.0055,,12.7918,16.4835,243.5529,,,,1.3958,445.8125,62.7558,701.8791,5187.538,6.0829,,,86.8194,23.1568,,,,2.0054,13.4156
1993,,2.6748,,,,,,126.6002,1.8917,,248.7768,88.795,25.5896,,13.237,15.965,,40.6333,121.4512,,1.2712,,,10.1089,,,3.195,255.7381,,5.1124,46.1348,0.87775,,2.0683,3.6978,498.7129,,,,,36.1082,2810.0926,67.9997,,,,5.5969,17.6387,,,5.9777,131.9391,6.372,,66.0236,,,8.1855,21.1271,91.5174,5.1977,,,17.4004,3.048,,,,88.3858,495.551,,,,,8.2079,1179.4034,4.9015,,98.4512,,,,5.1932,1.3229,,,,2.2457,70.2154,83.2707,,661.066,194.887,212.8704,,37.3207,62.6947,558.4181,9.031,1458.922,17.6016,131.4279,7.1858,,,44.0441,18.374,0.99608,13.9902,,,,,,31.4269,12.3383,,1.3091,0.86154,93.8776,,,3.5315,,,,2.3586,357.8808,,,6.0413,,,33.8656,1.7035,,1.374,,1.8669,181.9103,,28.5892,2.7175,,42.5514,,,,,,15.0715,77.8998,,3.1958,,4.3938,26.1327,58.4174,337.4836,59.1722,25.5564,,108.4098,1095.2157,0.59786,,,,,,,,,277.4759,3.6961,,,,73.456,50.008,20.9276,,,320.3526,421.0509,278.5147,4.0816,,,,107.5279,88.0467,,103.7802,2.8137,3.2447,161.4753,,1.0512,,11.6388,15.558,227.6222,,,,1.5422,380.033,68.0258,660.3796,5227.0855,5.5928,,,100.4965,25.1624,,,,2.0872,12.1522
1994,,2.3653,,,,,,127.0821,1.8836,,257.9464,88.2757,20.4574,,11.8128,17.183,,32.4923,124.833,,1.4632,,,8.3246,,,3.0301,268.7002,,5.1301,42.1212,0.92504,,2.1769,5.4034,504.2897,,,,,38.9227,2792.0387,71.3399,,,,6.6256,17.1508,,,6.1207,126.9895,5.2468,,68.4653,,,8.6119,14.1446,90.6302,5.7473,,,16.2539,2.2592,,,,83.9126,487.6078,,,,,4.8968,1148.0377,5.6603,,98.224,,,,5.9031,1.3915,,,,2.2887,81.6267,76.943,,692.3461,199.8454,233.2387,,38.3508,65.7908,540.5909,8.8781,1526.851,19.315,117.4415,7.6684,,,49.8044,14.4685,1.0973,13.2355,,,,,,27.861,11.524,,1.4298,0.82793,94.6895,,,3.5289,,,,2.3781,370.0472,,,5.8354,,,34.6837,1.6922,,1.5572,,2.0899,181.1582,,29.4081,2.8768,,77.1621,,,,,,18.6949,85.127,,3.4007,,4.9145,26.6433,64.1758,325.9261,60.2075,27.0767,,102.2399,1162.9447,0.58661,,,,,,,,,271.9964,3.9111,,,,78.3127,43.9775,19.9417,,,338.7013,440.1754,282.3249,4.4108,,,,107.1529,86.4982,,109.1365,1.2851,2.9886,167.1901,,0.97408,,9.8682,13.7311,207.4637,,,,1.4692,281.9236,78.1562,651.189,5322.4758,5.3612,,,92.9234,29.4411,,,,2.094,12.6579
1995,,2.5231,,,,,,131.4615,2.7728,,263.7014,92.1386,23.7513,,12.023,19.7268,,36.1467,125.9693,,1.5553,,,7.8004,,,3.0448,290.4243,,5.3635,46.8256,0.9837,,2.1269,5.8921,514.1128,,,,,42.1705,3036.5936,65.6884,,,,6.5168,18.8504,,,6.2855,125.279,7.1778,,68.0099,,,11.0772,20.83,100.1923,6.3148,,,15.3168,2.5169,,,,81.4913,499.6373,,,,,2.2896,1152.0037,5.8282,,99.3612,,,,6.1497,1.4749,,,,2.5557,85.5708,73.4441,,728.6371,205.2272,247.9176,,39.0785,70.0509,559.6742,9.9338,1559.9525,19.9614,107.7731,8.8971,,,48.8096,14.1705,1.208,12.2264,,,,,,27.4938,9.1345,,1.4425,0.83059,105.3177,,,3.8019,,,,2.5317,329.8003,,,5.9477,,,35.5696,1.7584,,1.6195,,2.7398,182.661,,30.6548,3.0679,,75.375,,,,,,19.6606,85.2319,,3.2156,,5.3725,28.0153,69.3808,324.1511,64.5089,28.2287,,103.4297,1152.8049,0.58691,,,,,,,,,255.8672,3.444,,,,77.7215,45.8262,20.923,,,361.7119,466.3516,294.8745,4.6574,,,,107.7717,89.986,,111.0497,0.54604,3.2835,178.49,,1.1719,,8.7617,13.74,222.2373,,,,1.6913,228.5478,78.192,647.7343,5386.5592,5.9825,,,101.0112,32.4421,,,,1.969,10.7502
1996,,2.8949,,,,,,136.9849,2.9893,,269.7367,95.7991,28.9497,,12.5136,19.524,,50.4309,129.5033,,1.9992,,,8.7123,,,2.7553,315.0258,,6.2101,45.7052,1.1065,,2.3935,6.4112,523.8393,,,,,48.1159,3159.358,64.9077,,,,6.1673,18.9634,,,6.1085,123.0454,7.6752,,74.3621,,,12.1009,21.5249,101.6654,5.8788,,,15.9745,3.9123,,,,75.8128,501.2144,,,,,8.4991,1135.1654,6.8134,,100.3724,,,,5.537,1.2968,,,,2.4697,81.9951,72.1337,,773.5679,227.9966,264.5935,,40.5181,69.7153,531.3708,6.6766,1546.8623,15.6447,116.0509,10.2696,,,45.9316,9.4347,1.2016,12.6895,,,,,,20.3129,9.1857,,1.5182,1.0486,104.4552,,,3.4906,,,,2.6252,345.8162,,,7.1541,,,33.3093,1.2349,,1.7184,,2.9261,191.4181,,31.6367,3.1375,,88.988,,,,,,18.6621,95.055,,3.6739,,5.0516,27.5404,77.5436,331.8695,61.2848,29.288,,99.8854,1252.7418,0.50822,,,,,,,,,252.7465,4.0292,,,,79.7119,44.3742,21.1252,,,363.7323,503.1518,280.2789,5.5408,,,,95.505,98.9581,,115.7423,2.4769,3.3757,180.2626,,1.1765,,11.3527,12.5439,214.5888,,,,1.6952,283.9053,79.7123,673.7265,5545.2062,7.0877,,,87.5072,38.0674,,,,1.7633,10.7041
1997,,2.1922,,,,,,145.7699,3.936,,276.1634,93.389,26.148,,13.9195,21.0711,,48.0207,124.0174,,2.0966,,,10.3524,,,2.7993,334.3956,,5.7786,43.3446,1.1145,,2.4008,6.1709,551.4408,,,,,55.7342,3099.5813,70.3602,,,,7.178,20.5402,,,5.8647,117.4259,7.7343,,68.3017,,,12.58,18.2204,111.8707,6.8691,,,15.6443,2.978,,,,68.8887,477.7686,,,,,7.5925,1077.9943,12.0256,,101.5092,,,,6.2713,1.2815,,,,2.5971,94.0848,75.5134,,802.5201,244.0061,249.53,,44.1702,72.0656,529.7356,7.2252,1516.7791,19.2476,109.4453,10.2293,,,48.8272,5.333,1.2622,12.1046,,,,,,20.6649,8.548,,1.7435,1.0325,114.659,,,3.3003,,,,2.8616,382.3039,,,6.2943,,,32.9389,1.3754,,1.8137,,3.1038,186.7001,,33.7961,3.3893,,87.26,,,,,,18.2941,94.9153,,3.9552,,5.5905,30.6577,85.8458,319.8356,67.6282,34.8317,,88.3789,1187.0147,0.48876,,,,,,,,,214.099,3.9589,,,,86.4681,43.2764,21.6628,,,385.2154,499.5905,283.3643,5.4903,,,,83.0499,92.9811,,243.437,3.3402,3.7625,168.5151,,0.80782,,11.8421,12.4053,226.1413,,,,1.7834,275.1907,83.3591,661.3447,5638.6353,7.1684,,,104.0809,45.0896,,,,2.2823,10.3074
1998,,2.4332,,,,,,148.9415,4.5381,,293.7615,96.6946,30.4703,,15.975,20.6286,,49.9019,130.2558,,1.9759,,,10.5522,,,3.3416,340.1291,,5.0484,44.6501,1.2823,,2.8608,6.413,560.7784,,,,,60.14,2997.3514,70.9189,,,,7.4142,20.098,,,6.3093,114.9437,8.142,,68.6097,,,13.1446,22.9347,127.5055,7.8062,,,15.8766,3.1389,,,,69.2269,502.5619,,,,,7.0735,1093.3081,9.4811,,105.5388,,,,7.2334,1.306,,,,3.0618,83.1869,78.1778,,814.0918,148.7772,289.6975,,48.8861,74.3911,550.9586,7.1096,1425.9139,17.9611,118.068,11.8757,,,50.3186,6.2693,1.2812,13.3371,,,,,,22.1851,7.6568,,1.9613,1.0291,79.2555,,,3.8995,,,,3.0193,407.3369,,,6.6216,,,34.3482,1.3642,,1.865,,2.0894,185.7105,,31.2757,3.782,,86.148,,,,,,19.7944,97.1129,,4.4327,,5.443,31.8687,76.8244,295.3504,76.2871,30.8181,,87.1711,1044.287,0.49728,,,,,,,,,227.7354,4.0427,,,,64.3838,45.716,22.0049,,,377.2735,367.4692,296.1259,5.6531,,,,86.49,107.5512,,241.2276,4.1874,3.6185,128.2509,,1.1597,,13.1019,12.7006,228.3749,,,,2.0115,251.1729,97.4082,691.9399,5838.8923,7.7156,,,116.4405,47.3982,,,,2.4768,9.7961
1999,,3.7079,,,,,,149.5149,3.5499,,300.4728,94.2892,25.9154,,8.9897,30.9435,,50.0014,181.1897,,1.9498,,,11.1362,,,3.1584,331.6503,,4.2974,42.231,1.6985,,2.7523,5.8084,566.7173,,,,,60.4211,3191.3162,54.5255,,,,7.6778,21.4466,,,6.683,110.2582,6.6404,,72.1359,,,11.434,19.6421,129.224,7.3763,,,20.4605,4.3331,,,,72.4423,506.1725,,,,,6.0587,1093.3451,8.2324,,103.3512,,,,7.5966,1.1926,,,,3.3695,80.9771,72.2947,,922.0243,242.5052,305.0397,,59.1431,67.6402,559.4306,6.2741,1499.7813,15.2416,98.4844,11.4227,,,37.5497,5.4906,1.1951,12.3724,,,,,,18.6238,7.7424,,2.2758,1.1417,94.0626,,,4.5985,,,,2.9765,419.8716,,,7.2764,,,37.8143,1.6399,,1.7404,,3.0315,135.5672,,34.2044,4.1598,,63.584,,,,,,17.6004,101.2167,,4.7032,,5.5691,32.7688,83.1254,307.4107,83.5798,16.3161,,79.3003,1000.6281,0.50408,,,,,,,,,188.237,4.4593,,,,84.4369,44.1474,19.0042,,,374.869,436.0045,317.3534,16.0724,,,,79.6311,85.3264,,264.9995,4.0219,3.7556,149.5304,,1.2401,,11.4663,13.9813,231.1282,,,,2.8628,234.7846,102.1207,688.6008,5937.4494,8.8906,,,89.8719,44.7971,,,,1.9951,9.9479
2000,,3.96,,,,,,142.7091,3.7987,,292.0571,93.4967,23.9223,,9.0546,25.5709,,41.1217,195.3421,,2.3089,,,8.6444,,,3.2603,353.7878,,3.5417,42.3644,1.3707,,10.9725,5.8813,581.5461,,,,,60.9476,3236.0036,54.0948,,,,8.2823,20.9161,,,7.9775,118.4981,7.1177,,68.1442,,,12.1607,18.3011,135.3947,8.421,,,21.1229,5.3805,,,,77.9753,513.5269,,,,,5.9155,1100.6746,7.4729,,107.2093,,,,24.6247,1.2686,,,,3.8621,87.9873,69.9609,,914.373,240.9016,288.8394,,54.079,72.0022,576.9338,6.5593,1582.8404,17.4191,102.8825,12.1714,,,29.8421,6.7434,2.9992,16.3505,,,,,,19.5276,8.5934,,3.0451,0.79791,106.5427,,,6.2161,,,,4.6115,457.0791,,,7.3862,,,37.9958,4.1561,,1.6321,,2.6645,133.6349,,32.9877,4.3608,,49.579,,,,,,15.6375,106.65,,4.4151,,5.6604,31.7219,87.641,294.0919,88.422,15.1144,,87.8143,986.2242,0.71124,,,,,,,,,203.1228,5.0991,,,,157.9516,42.1041,19.3991,,,286.8927,502.2197,333.6453,17.8144,,,,84.3373,90.7394,,283.0101,3.755,4.9965,150.0069,,0.9817,,10.0657,13.8254,253.9916,,,,2.7501,216.5962,85.7476,739.0983,6229.7,7.9078,,,73.1484,37.1082,,,,3.6917,11.9782
2001,,4.4368,,,,,,130.8164,4.0013,,300.7707,97.9537,23.5766,,9.3477,29.5145,,37.9453,195.1555,,2.7845,,,8.8561,,,3.0955,348.4186,,3.5209,45.6376,1.7874,,12.0238,6.4853,566.3195,,,,,54.6293,3331.1833,54.8727,,,,8.4029,23.6584,,,7.9066,119.753,6.3273,,67.3331,,,37.9533,23.6142,118.0097,8.3589,,,19.3204,5.7653,,,,80.4852,510.6217,,,,,5.2988,1097.2333,8.2301,,108.4728,,,,8.6687,1.217,,,,4.1766,80.5375,73.4068,,921.5299,266.0363,312.6332,,56.0502,71.8733,562.7429,7.1488,1542.6272,19.6949,116.9705,12.6891,,,35.8391,5.0789,3.0625,15.7065,,,,,,19.35,8.3592,,2.6288,0.71583,112.6552,,,6.5923,,,,4.5294,461.5429,,,7.8616,,,41.2115,4.6721,,2.1513,,3.8502,131.5533,,34.3418,4.5881,,70.6372,,,,,,16.3465,108.1817,,4.9179,,5.6362,29.0237,88.4645,289.0213,90.3431,18.893,,94.6942,1102.5675,0.50096,,,,,,,,,226.0514,5.1282,,,,143.5236,44.1608,20.3892,,,274.2399,503.9172,334.9155,19.2024,,,,76.9893,109.5807,,264.0076,3.7525,5.7322,156.2723,,0.7573,,12.0797,13.9425,204.2024,,,,2.5811,254.5649,89.7098,729.4775,6149.0799,7.3805,,,83.0297,42.4165,,,,3.9768,11.5025
2002,,4.9219,,,,,,82.3432,4.0811,,320.9418,96.3306,25.4642,,10.2672,30.6982,,37.9693,200.8226,,3.1041,,,10.6835,,,5.6817,337.9752,,3.5687,43.0168,1.8541,,12.8123,7.7771,585.5081,,,,,58.8118,3619.7054,54.9377,,,,11.5768,25.4337,,,8.3332,120.6536,5.1569,,67.2462,,,29.3325,25.7082,119.8791,8.3396,,,20.4256,3.9295,,,,80.5411,505.2615,,,,,5.0245,1033.0739,8.1488,,111.6679,,,,9.2557,1.2642,,,,4.3038,78.0405,72.5881,,936.8786,276.1317,301.3272,,56.5682,69.9367,580.5781,7.1329,1531.3912,21.4567,123.9975,10.3761,,,41.5059,5.8613,3.3283,15.5443,,,,,,17.984,8.5126,,2.4926,0.81992,119.2574,,,6.7649,,,,4.75,462.2904,,,8.1488,,,43.5741,4.5727,,1.8226,,3.5201,149.5275,,34.9914,4.5697,,71.2626,,,,,,18.9921,116.5231,,4.5259,,5.7054,30.3137,87.656,279.6522,92.2257,21.4948,,94.1945,1111.0543,0.47971,,,,,,,,,236.0193,5.5577,,,,152.2474,42.5414,19.6372,,,255.0653,540.7105,357.0474,22.6488,,,,80.2621,97.9569,,271.9814,4.3795,6.1309,172.1333,,0.99476,,14.8781,14.4252,224.3421,,,,2.9635,244.011,88.5948,734.8551,6273.8173,6.4025,,,81.5778,48.1815,,,,3.9797,12.0792
2003,,5.9443,,,,,,117.6999,4.2077,,342.5045,99.9448,33.5472,,12.1071,35.245,,42.3685,202.2682,,4.2149,,,10.0633,,,2.7614,322.6369,,5.6232,46.6545,1.3587,,8.1156,6.7329,585.7863,,,,,55.012,4019.6886,59.8513,,,,10.4316,28.6414,,,8.7829,122.1811,5.9301,,67.8088,,,32.2502,28.6223,137.3281,8.8817,,,21.4021,3.8439,,,,91.0368,516.2228,,,,,5.7827,1056.0905,10.0335,,124.0352,,,,9.0289,2.6133,,,,5.4653,94.3935,86.4182,,985.4118,312.1608,360.4345,,64.8027,77.0822,591.5982,7.5896,1503.7302,21.824,130.9474,10.4198,,,57.1073,5.95,2.2324,14.6172,,,,,,21.7954,11.5412,,2.948,0.90754,130.1531,,,4.8772,,,,5.1536,469.2249,,,8.4453,,,40.6136,5.4222,,1.9142,,2.2742,175.7066,,39.9885,5.1181,,75.7757,,,,48.5068,,38.2068,120.5682,,1.7465,,5.3291,28.8534,90.6147,289.3123,110.8447,23.49,,99.8476,1170.1139,0.49759,,,,,,,,,317.2779,5.9508,,,,100.4914,41.5469,19.7996,,,275.1297,549.2431,368.91,18.1345,,,,84.5782,101.2929,,267.8542,5.794,5.9974,187.3106,,1.1112,,17.6266,15.6348,248.9562,,,,2.65,218.7253,125.0827,763.0247,6435.5018,6.0911,,,107.9214,58.6433,,,,3.8861,12.4947
2004,,5.5289,,,,,,139.9241,4.2408,,351.711,103.4746,38.0189,,11.0366,37.7925,,43.7476,217.7775,,3.9226,,,9.756,,,2.8082,334.9783,,5.4584,46.2373,1.3498,,10.2192,6.0504,592.0407,,,,,58.6864,4254.6435,59.6791,,,,10.5115,29.6128,,,8.7195,116.4715,6.7102,,68.3604,,,29.023,30.873,131.6339,8.4465,,,21.6828,3.8207,,,,87.4267,534.7983,,,,,7.0103,1037.2647,9.9068,,124.1077,,,,9.59,1.5424,,,,5.7544,94.0919,83.3964,,1043.3164,317.9105,385.0082,,64.1058,74.8008,606.6709,7.1217,1506.6954,23.307,137.6399,10.3333,,,59.0279,7.5706,2.5839,14.3433,,,,,,21.1082,12.9886,,2.8915,0.81124,139.88,,,4.547,,,,5.4853,491.0931,,,8.6563,,,46.8312,5.4572,,2.1935,,4.2408,184.6849,,41.1941,5.3186,,80.4956,,,,52.3435,,28.975,140.2406,,1.9007,,5.6702,31.3582,93.2527,294.5438,111.5997,23.1209,,101.4253,1194.7767,0.56766,,,,,,,,,354.6881,6.3526,,,,118.4718,42.5772,20.4703,,,319.1454,563.015,392.2912,20.7283,,,,84.3946,102.7007,,308.629,6.0691,6.6103,207.3976,,1.027,,17.2101,15.7972,282.5407,,,,2.8735,205.2865,133.5383,774.6678,6555.7752,7.4093,,,97.8355,66.9194,,,,3.9672,10.4114
2005,,5.8527,,,,,,147.4737,5.3401,,351.7732,105.1164,35.6006,,12.2276,39.6585,,44.8231,213.4542,,4.1971,,,10.4499,,,2.8372,349.0763,,4.9739,48.7886,1.3842,,12.2313,5.9967,615.9414,,,,,63.1586,4646.6101,66.6972,,,,10.6831,29.9873,,,8.7853,111.4529,6.7598,,67.2417,,,35.5694,32.628,147.7153,8.6699,,,20.2654,3.805,,,,83.5259,545.4902,,,,,8.2513,1045.264,10.7886,,125.6443,,,,10.2272,1.5678,,,,5.3706,102.277,88.9901,,1104.5188,323.8089,396.142,,69.5535,72.662,605.5421,7.2661,1512.3592,25.5087,150.5269,12.2945,,,73.6536,8.0386,2.6553,13.6946,,,,,,20.5669,14.241,,3.0075,0.75962,142.8778,,,3.6421,,,,5.1156,512.8797,,,8.9368,,,48.8362,6.1761,,2.5195,,4.5579,203.6588,,43.9853,5.1888,,89.8446,,,,50.6539,,29.6124,146.7372,,0.86857,,5.5393,33.3029,94.1075,295.504,128.1884,26.9079,,102.6277,1205.7351,0.50578,,,,,,,,,355.557,6.9939,,,,127.2462,40.1914,20.6897,,,295.9629,594.3756,422.1041,20.9804,,,,86.7055,110.9308,,300.0998,7.2043,8.4045,221.6589,,1.1187,,16.1741,15.4488,309.4156,,,,3.415,235.062,148.0846,765.8327,6656.0116,7.5442,,,98.2694,71.383,,,,4.1691,11.5182
2006,,5.8338,,,,,,155.7172,5.6043,,364.1133,104.4023,37.4638,,11.4955,41.8376,,47.5734,219.7073,,6.5073,,,10.7584,,,3.4575,360.3246,,5.495,51.0394,1.6236,,12.6368,6.99,593.2991,,,,,66.4181,5064.2444,72.4018,,,,11.7212,29.6173,,,9.2953,115.9052,6.7153,,74.1829,,,39.7533,33.9829,160.3823,9.8429,,,22.5213,4.3233,,,,90.3216,544.1654,,,,,8.8778,1047.495,12.87,,128.1669,,,,11.3715,1.4717,,,,6.4026,101.6268,90.9096,,1172.5949,332.2744,424.5009,,70.6445,80.7813,623.8377,7.7945,1484.5673,25.5617,178.6051,14.0573,,,70.5223,9.4736,3.3976,15.4131,,,,,,22.495,13.8506,,2.7253,0.8315,145.4017,,,4.0092,,,,5.6792,529.6286,,,9.7003,,,50.9703,5.9711,,2.2754,,4.5095,212.7087,,42.5733,5.7147,,65.9039,,,,56.6364,,39.2272,154.7756,,-0.74281,,5.699,32.5083,85.1415,311.8488,118.4124,36.0197,,104.6156,1235.9158,0.51818,,,,,,,,,386.6218,6.2225,,,,133.7029,43.2045,21.1007,,,334.3259,612.3647,423.4916,21.5597,,,,88.0728,123.0218,,304.2214,9.1533,8.2928,218.1233,,3.7425,,14.53,16.2146,337.9295,,,,3.8509,257.6016,170.6726,766.8605,6618.9217,8.5038,,,112.5699,74.3357,,,,4.9225,11.1239
2007,,6.058,,,,,,161.2123,10.0714,,376.2864,102.4232,31.3783,,14.4122,42.5572,,52.096,227.0717,,7.4287,,,11.2863,,,3.6671,394.0507,,6.414,54.3577,1.9185,,12.8946,8.7637,617.9489,,,,,73.028,5468.6603,76.2098,,,,13.1507,30.6303,,,9.85,124.7777,7.3125,,71.75,,,32.6263,38.08,174.4132,9.8078,,,22.1719,4.6304,,,,89.3609,544.8668,,,,,10.3364,1035.2309,14.1866,,131.4364,,,,11.0393,1.5525,,,,6.7919,100.0477,97.3231,,1291.0921,372.4793,483.6195,,70.4148,82.2217,614.8048,7.5817,1486.4857,26.9833,189.2501,15.0916,,,74.708,10.2721,3.5851,17.7262,,,,,,24.4362,10.7703,,2.9451,0.78377,157.3036,,,5.1283,,,,5.7,522.5513,,,12.3836,,,55.3639,7.0841,,2.4966,,5.0449,184.8157,,43.1738,6.0903,,76.5443,,,,61.4004,,45.0956,165.2007,,0.2797,,6.5343,40.0318,92.4635,318.9839,119.0011,41.4797,,113.7672,1306.6128,0.55756,,,,,,,,,382.2419,7.3531,,,,127.9061,47.8463,23.1019,,,341.2939,642.07,433.4069,20.1649,,,,88.952,116.9069,,284.9349,6.3981,8.8159,223.5438,,1.2803,,20.353,16.7182,373.1004,,,,4.3626,284.1269,189.206,764.9764,6526.7272,8.9424,,,119.1881,78.8311,,,,5.7048,10.8745
2008,,6.627,,,,,,178.5085,7.2739,,372.4782,100.1002,34.6063,,16.8072,44.7883,,54.8288,232.0866,,8.5057,,,11.9002,,,4.1025,445.5625,,6.8392,55.6375,1.9483,,14.6514,9.0218,600.4052,,,,,84.4745,5887.9744,81.1602,,,,13.8665,35.1355,,,10.8731,127.8828,7.2744,,70.2464,,,31.1101,35.7791,184.1135,9.376,,,18.1653,5.1714,,,,84.2408,543.1393,,,,,9.4513,1036.8913,14.4162,,131.2822,,,,9.9715,1.6549,,,,14.8521,96.5293,99.6732,,1372.7947,373.4239,508.5743,,63.9941,90.3189,601.0061,7.2346,1466.5182,29.8281,176.6859,16.0091,,,79.1582,16.9374,4.2664,16.5529,,,,,,22.9634,14.8879,,4.3146,0.8775,171.8738,,,6.8521,,,,6.279,529.0866,,,13.2455,,,61.1659,8.3584,,3.3638,,6.472,198.5114,,43.2077,5.8584,,82.5791,,,,57.4598,,49.3971,164.875,,-0.11635,,7.7976,46.777,101.7174,322.6081,117.0915,43.4286,,115.1836,1327.2527,0.57843,,,,,,,,,425.8463,7.2642,,,,175.1179,51.0047,23.6921,,,340.698,644.4221,401.9168,21.4227,,,,86.7145,111.105,,278.2002,7.7292,11.2218,234.8958,,1.2315,,19.7468,16.82,359.7283,,,,4.4665,291.4252,221.3245,731.5215,6218.0746,11.6841,,,120.1103,90.0617,,,,6.929,10.0245
2009,,6.7417,,,,,,162.8364,6.4333,,398.7257,91.2163,33.1166,,21.0866,49.9294,,54.7385,192.4854,,6.8173,,,13.7282,,,4.0628,407.6087,,6.7606,44.8099,2.2416,,11.6288,10.1376,584.8564,,,,,65.8795,6653.1849,82.5753,,,,11.2378,26.3714,,,10.7232,115.9049,6.727,,66.3608,,,49.9255,35.8771,199.2852,8.0745,,,14.3638,5.685,,,,74.387,512.1389,,,,,8.1375,980.0138,12.5284,,124.0912,,,,10.2807,2.8716,,,,6.9603,80.4159,67.5847,,1521.6848,385.8932,515.3694,,49.956,78.5727,578.1602,5.9765,1375.0627,31.5052,182.2471,17.8125,,,81.2896,14.854,5.0178,11.882,,,,,,20.5892,8.5354,,3.7381,0.80777,164.9618,,,5.6417,,,,5.6308,508.4882,,,13.6565,,,57.0545,8.133,,2.9134,,3.3845,186.8122,,37.2677,5.5771,,93.4435,,,,55.7442,,50.2017,162.5409,,1.0527,,7.0575,45.9055,94.5443,309.6504,98.5494,54.3068,,91.6057,1231.676,0.54365,,,,,,,,,479.851,6.6267,,,,101.4752,44.3145,19.1118,,,353.5595,573.8853,344.4962,20.3199,,,,74.1645,120.5806,,243.5904,6.1283,9.4297,231.4972,,1.8666,,25.5949,18.7962,335.7716,,,,5.0036,247.7783,213.095,641.8238,5726.0839,10.4328,,,134.3111,99.4741,,,,5.8719,9.3515
2010,,6.5797,,,,,,177.8216,5.7945,,399.2444,95.1559,31.486,,22.7449,53.8971,,60.0312,207.0633,,7.5839,,,14.4799,,,10.3121,478.8782,,6.7551,44.7561,2.2116,,15.1572,9.7894,618.6546,,,,,76.5656,7260.6937,89.3916,,,,11.8979,25.097,,,10.5336,123.7424,7.5216,,67.1061,,,58.1224,38.6615,202.6034,7.9473,,,17.7861,5.0881,,,,87.1972,511.0805,,,,,8.6869,1027.0823,14.6903,,108.3768,,,,10.4685,3.5343,,,,6.714,90.1709,71.0252,,1571.1071,435.4415,476.5064,,47.3206,85.9258,624.4552,5.9682,1421.6255,28.8192,162.365,17.8052,,,83.0463,13.194,2.5221,13.5799,,,,,,20.3116,9.8614,,3.2863,0.83364,186.8871,,,7.2692,,,,5.6687,524.8278,,,14.924,,,58.8781,7.8333,,9.3159,,4.1846,210.9214,,38.2075,5.4338,,113.8886,,,,60.7643,,53.079,162.2504,,1.0677,,8.7035,52.9887,104.2795,329.6739,98.8424,52.336,,90.8131,1301.8421,0.60222,,,,,,,,,519.9826,7.8407,,,,105.4562,48.0118,19.8087,,,349.9306,654.5787,328.7329,23.6096,,,,83.3173,113.4061,,296.9323,8.5947,10.6485,257.3799,,1.8318,,25.4394,20.2681,366.1016,,,,5.6246,236.9033,216.5431,686.8665,5889.8319,10.1669,,,145.9934,108.1729,,,,5.9107,8.9196
2011,,6.9842,,,,,,198.8145,5.6274,,399.2354,97.393,33.4426,,17.5998,54.198,,49.2796,213.9135,,9.0091,,,16.1017,,,13.0773,508.943,,9.7758,46.7125,2.366,,21.368,9.9594,616.5924,,,,,88.3499,8056.9111,92.3642,,,,13.029,24.5619,,,10.1503,119.7506,7.3537,,64.5672,,,50.4971,41.2996,217.9181,8.6573,,,20.4147,5.5942,,,,73.7147,509.5866,,,,,10.6488,988.9748,18.4918,,101.33,,,,9.4198,3.9714,,,,6.7273,112.463,70.1348,,1624.1975,491.7213,482.9201,,45.2242,88.864,571.3403,6.2542,1500.8099,31.8951,150.7655,19.8564,,,81.6008,15.1846,2.3912,13.684,,,,,,23.4163,10.6402,,3.6319,0.87481,200.0006,,,9.5603,,,,5.9513,564.9949,,,23.8053,,,62.8717,10.4313,,9.2052,,4.5788,200.8916,,39.1298,5.595,,120.6361,,,,56.2097,,57.4964,165.284,,0.17016,,9.7882,55.435,111.2047,325.4907,64.2755,45.9127,,94.4148,1360.817,0.68177,,,,,,,,,502.4128,9.7449,,,,199.0437,48.1486,20.899,,,353.2853,683.1185,321.4423,32.3636,,,,82.1526,127.5995,,307.6953,8.6704,13.4474,264.5407,,1.7424,,19.5102,19.0162,400.5326,,,,6.0942,265.5014,231.9792,626.6214,5737.3978,12.2469,,,125.6012,113.9211,,,,7.6922,9.9967
2012,,6.5707,,,,,,198.991,6.4826,,413.1635,92.1271,37.3268,,18.6917,59.4473,,70.848,196.5623,,7.617,,,17.09,,,13.5939,535.3234,,9.2811,43.3613,2.7095,,20.972,10.0089,614.2161,,,,,95.0124,8342.6681,97.1468,,,,12.9612,25.5191,,,8.8391,109.8461,10.3815,,58.5125,,,47.4861,40.9448,223.5119,8.3559,,,19.218,7.1112,,,,70.5256,479.5514,,,,,11.1756,932.1219,22.5173,,92.6167,,,,9.9263,3.8272,,,,6.9177,130.7918,63.4586,,1782.0769,523.7557,555.9333,,45.2607,94.5584,536.0782,5.9699,1541.1946,35.4037,185.1059,20.8292,,,85.1225,18.6696,2.6672,13.0268,,,,,,20.0429,10.3205,,3.8168,0.93103,222.5315,,,8.9952,,,,5.8473,579.7908,,,35.8554,,,62.8752,10.085,,9.1351,,4.7336,176.9103,,41.0293,5.8249,,103.8779,,,,52.9141,,67.3369,167.8504,,0.62057,,9.4069,59.919,120.2634,321.0652,51.2247,49.8709,,87.8574,1421.4759,0.79517,,,,,,,,,574.2909,9.815,,,,205.4191,41.4742,18.9461,,,350.4093,665.0288,288.9018,31.3123,,,,75.0143,175.3503,,280.9756,6.5655,14.9048,286.7825,,1.8411,,21.5724,20.8001,407.4625,,,,5.4325,257.8198,241.1618,640.5414,5550.3229,12.9539,,,137.928,107.079,,,,8.13,11.6948
2013,,6.5158,,,,,,203.7495,5.8855,,386.2149,91.1695,35.53,,19.3275,64.0999,,69.4814,206.7617,,9.1636,,,18.4328,,,12.3386,595.7654,,8.3166,37.5409,3.1524,,21.1216,9.7217,616.5195,,,,,92.6571,8627.3764,104.4105,,,,13.2599,24.0757,,,7.6248,110.1391,11.7221,,56.7033,,,46.315,44.154,224.3963,8.5709,,,17.6656,8.1482,,,,67.463,483.3733,,,,,10.8048,929.5583,21.697,,83.9805,,,,10.3963,1.7315,,,,17.8266,152.2046,59.4669,,1637.8547,509.5168,485.9605,,44.0089,84.5567,488.6843,6.2042,1487.0794,37.514,200.6973,25.0179,,,82.0248,17.0923,3.5139,12.7356,,,,,,20.5176,9.8152,,4.8616,0.7398,251.0375,,,7.2878,,,,6.1293,589.6158,,,43.6777,,,61.8303,15.0567,,9.4761,,5.3699,178.4298,,40.6372,6.2055,,132.2869,,,,53.4863,,71.5331,165.3722,,2.5659,,9.8595,58.8573,130.1234,304.1253,50.9546,55.5201,,77.3824,1382.7893,0.78239,,,,,,,,,569.9883,10.908,,,,241.8151,39.9685,17.8376,,,356.9847,669.7548,311.1478,33.5518,,,,72.5113,153.1288,,286.8613,11.0004,19.725,295.2122,,1.1924,,14.3728,20.9892,404.4948,,,,5.758,251.774,258.6005,624.8102,5637.723,11.6008,,,139.108,122.1021,,,,8.7115,12.0736
2014,,6.5012,,,,,,191.6923,5.9159,,384.508,91.9839,36.8155,,20.403,106.7707,,66.8042,207.0788,,8.3648,,,21.3865,,,14.1932,613.3269,,8.2105,39.5333,3.0598,,20.7404,10.3514,599.0804,,,,,85.4946,8720.1304,113.1491,,,,13.2646,20.1619,,,8.4165,105.2526,12.1173,,55.4551,,,34.4534,47.487,246.0775,8.6257,,,17.8575,10.105,,,,62.4037,448.7215,,,,,11.7719,907.723,21.867,,80.2569,,,,10.9943,1.9042,,,,7.1647,145.8186,58.7161,,1810.8934,510.0074,526.6429,,44.7206,86.4513,469.0506,6.019,1404.0719,37.7683,217.9596,29.1322,,,80.3245,17.9485,3.6976,12.1407,,,,,,20.6886,9.6341,,4.8295,0.66885,253.4093,,,8.6971,,,,6.4364,586.2054,,,29.2862,,,61.2645,19.677,,11.267,,6.2835,165.09,,40.9429,6.5929,,138.4709,,,,52.7047,,73.0643,170.9764,,3.7179,,10.0876,63.4054,137.0442,298.103,49.8719,62.5098,,80.2494,1347.9285,0.90002,,,,,,,,,590.7634,12.4438,,,,189.4742,37.6374,17.2157,,,361.8747,694.7054,278.6148,37.0939,,,,71.3437,160.0161,,298.3224,20.1503,19.5732,275.9745,,1.3182,,19.3696,22.4426,414.0913,,,,6.2924,195.2818,258.7723,604.9066,5758.3958,10.3647,,,167.9412,140.6824,,,,9.9128,12.8123
2015,,5.894,,,,,,206.1723,6.0733,,387.2258,87.1504,36.9862,,23.8107,76.8269,,63.2069,201.6429,,8.3502,,,21.506,,,12.5429,556.2062,,7.3286,40.9898,3.5172,,24.2827,11.0554,573.1934,,,,,88.1685,8789.7452,108.1873,,,,13.183,22.4426,,,8.1163,107.5137,12.6504,,53.1705,,,38.7496,46.1267,258.9817,9.1144,,,17.1328,11.2474,,,,56.4564,434.6942,,,,,12.5499,899.5143,22.7942,,75.7961,,,,12.9727,2.091,,,,8.3736,111.1,59.3449,,1961.0526,545.4302,587.36,,43.8003,85.0332,460.7709,6.2371,1320.9318,37.4313,250.095,28.2892,,,108.1286,16.5035,7.7707,12.6227,,,,,,20.1967,9.362,,4.6471,0.70915,235.857,,,11.1727,,,,5.9575,572.3527,,,23.4954,,,61.557,16.1244,,10.7773,,5.721,160.6597,,40.2099,7.6698,,128.3913,,,,54.765,,76.9021,171.6299,,4.5419,,10.0477,63.8846,144.1145,299.0731,52.6792,73.3024,,78.7654,1269.2296,1.0537,,,,,,,,,653.7502,13.283,,,,162.9431,38.2766,17.6383,,,350.2921,676.277,281.3781,38.776,,,,69.1466,159.6575,,265.786,9.6156,20.7063,274.2622,,1.7901,,23.1436,23.8489,432.1243,,,,6.453,167.4494,261.4469,597.001,5693.528,9.763,,,121.9116,165.0732,,,,9.5743,13.3125
2016,,5.8487,,,,,,190.4085,6.0174,,389.9131,88.7346,33.4983,,19.9093,126.5841,,66.3115,207.3688,,7.6803,,,22.1967,,,13.6169,490.9999,,6.1545,40.4761,3.9743,,25.6429,10.9803,546.7364,,,,,88.8304,8672.1091,107.7507,,,,13.9355,23.1099,,,8.8653,107.9186,14.7288,,54.9273,,,33.4364,40.9316,271.4071,9.3373,,,17.1083,12.917,,,,59.2114,454.9724,,,,,13.186,910.171,21.8614,,75.8746,,,,13.5246,5.4163,,,,7.9735,122.7116,60.6478,,2002.07,548.4866,531.5277,,44.8832,87.8186,463.9369,7.1636,1322.8114,38.0674,228.2169,28.71,,,107.428,17.9069,7.6559,12.4561,,,,,,21.6499,8.918,,5.0704,0.96837,242.8676,,,15.4517,,,,6.431,572.0095,,,23.6345,,,66.1055,15.6283,,11.3278,,8.7681,169.1277,,40.3984,7.7637,,125.3317,,,,49.226,,74.3316,211.188,,-0.29976,,10.945,66.4668,164.5213,304.545,55.3073,76.4068,,79.5796,1272.5122,1.0968,,,,,,,,,639.9056,14.373,,,,161.7491,40.6466,18.0588,,,354.3672,669.4177,275.6869,43.5078,,,,70.3208,170.8046,,280.8103,13.9374,19.2725,285.3599,,2.274,,28.3988,24.2522,437.7265,,,,6.8081,190.9766,259.0046,582.7554,5557.7598,8.8603,,,105.0124,173.4006,,,,9.2622,13.2388
2017,,6.1032,,,,,,193.2518,6.4064,,396.0146,88.6154,33.0105,,21.3883,133.9647,,68.8071,203.0305,,7.6409,,,23.2128,,,12.7108,506.7366,,7.3604,41.9148,4.4952,,25.7084,10.4076,554.6047,,,,,88.8062,8957.4019,99.1693,,,,14.333,23.3059,,,9.617,111.4389,14.7603,,55.0101,,,33.6249,43.7678,260.3617,8.7607,,,17.1453,20.5598,,,,59.3177,453.019,,,,,12.9164,901.7907,20.2342,,78.7904,,,,15.119,6.3169,,,,8.247,125.8251,65.9208,,2112.1947,567.4878,567.8277,,45.6572,84.4879,459.7374,6.5899,1289.1062,34.209,239.393,27.5072,,,100.6334,17.3271,13.99,13.9486,,,,,,22.3049,8.9058,,5.7214,0.92119,246.3607,,,12.9607,,,,6.9669,560.7897,,,30.1695,,,66.7395,12.6137,,9.2754,,10.8144,165.73,,40.6802,7.5757,,118.6119,,,,49.1207,,75.3892,243.5992,,19.6075,,12.4205,68.3098,177.0225,317.3385,59.4601,78.3688,,83.4293,1303.499,1.8918,,,,,,,,,623.797,15.1354,,,,169.4934,39.5296,19.423,,,347.4421,701.8158,294.2858,43.1378,,,,70.9891,135.2715,,288.7503,13.9361,18.3552,290.2967,,1.7839,,24.7956,24.2804,461.4806,,,,7.6043,199.6748,238.6398,558.3362,5526.1308,9.1451,,,93.3627,172.0078,,,,10.1114,11.0521
2018,,6.2638,,,,,,183.6946,8.3775,,386.3809,88.4799,35.2406,,22.1028,139.2863,,73.3002,211.9139,,7.4069,,,23.2588,,,13.2601,484.3549,,8.5534,41.1053,4.9304,,29.7452,9.6819,556.6195,,,,,92.7602,9443.4318,106.3486,,,,14.7213,24.7191,,,9.4387,115.3081,14.4079,,56.8793,,,35.0948,44.7879,252.2569,9.8918,,,18.5293,20.5519,,,,61.4663,456.0686,,,,,14.2609,892.1409,21.5968,,81.411,,,,24.0123,5.7737,,,,8.1409,124.2718,66.6837,,2239.0632,606.8424,526.2201,,46.3236,90.5813,466.8103,8.2892,1274.2771,33.9134,227.7321,29.1963,,,105.0133,19.9991,13.9159,15.8622,,,,,,23.8796,8.734,,5.2767,2.6587,265.9645,,,16.9201,,,,7.3001,571.1996,,,40.7833,,,68.5141,12.4954,,9.1884,,36.7823,165.4775,,41.5731,7.1954,,113.8847,,,,48.6608,,77.8432,232.9484,,19.1052,,13.1995,70.5753,184.5845,328.7699,57.4046,75.9673,,88.1319,1250.8001,2.5212,,,,,,,,,616.0092,16.5154,,,,176.6822,40.7537,20.5547,,,355.3695,749.2307,299.1162,42.6323,,,,71.0765,127.1672,,287.6599,11.8818,20.1663,305.5149,,7.8787,,22.9144,30.9528,448.303,,,,7.7397,213.2837,247.2572,545.2468,5684.5371,9.7254,,,17.2432,188.9472,,,,10.6331,12.3511
2019,,6.0207,,,,,,172.7042,8.1697,,383.647,86.6111,37.6977,,23.8566,148.5962,,72.2165,204.4813,,6.9344,,,23.4879,,,13.7155,485.9856,,8.1931,39.9332,5.0918,,35.5562,9.3005,549.1406,,,,,97.9678,9767.0838,112.4497,,,,14.3518,24.0683,,,9.2555,110.9085,14.4055,,53.0239,,,37.3679,46.4806,246.3706,10.5753,,,15.255,21.5139,,,,56.5856,442.6428,,,,,13.9912,846.4022,21.8608,,75.3138,,,,24.6073,6.1239,,,,9.0669,123.7058,65.0755,,2267.2932,664.21,614.7059,,46.2283,88.4226,450.5103,9.1131,1245.6811,32.6626,211.2502,30.2002,,,108.1306,17.4984,13.4258,15.0732,,,,,,22.4237,8.4638,,5.7596,2.7109,275.2318,,,15.8675,,,,7.3275,562.9167,,,41.5772,,,72.6777,12.9507,,9.3441,,34.7833,162.6384,,42.0448,7.0329,,132.2939,,,,48.2972,,78.5896,219.3732,,18.7487,,13.1654,72.7371,186.3867,309.6549,54.0522,77.9027,,85.1459,1286.3243,2.7007,,,,,,,,,672.1933,17.1742,,,,175.6589,38.8068,20.0357,,,367.4807,735.5463,284.0916,43.1663,,,,66.9991,124.0088,,287.2431,11.8828,21.261,303.6708,,7.9921,,25.753,30.061,418.8304,,,,7.7703,209.3699,236.7157,524.7342,5580.0767,9.5351,,,42.9911,244.8635,,,,11.1421,11.6266
2020,,5.9734,,,,,,160.0729,8.55,,374.3321,78.8038,37.9703,,23.9933,148.6332,,66.453,182.339,,7.4619,,,19.9417,,,12.6469,437.1534,,9.1549,36.2786,4.7792,,37.2569,9.9285,502.928,,,,,83.1111,9798.9173,105.499,,,,12.3066,22.9992,,,8.205,101.7917,14.3667,,48.3529,,,34.1044,37.5954,259.9699,9.0322,,,12.9325,20.954,,,,51.1333,398.9578,,,,,14.2179,777.6239,23.9638,,68.5837,,,,21.9471,5.9543,,,,8.3541,119.8655,60.4739,,2085.132,629.8296,651.9613,,39.7908,84.5284,402.237,7.9023,1183.7792,28.9404,218.5124,31.2374,,,97.6946,16.2412,14.1013,13.4239,,,,,,20.5363,7.2581,,5.5878,2.9331,262.9602,,,13.55,,,,6.6745,502.0509,,,37.5427,,,67.7393,12.1719,,8.7913,,36.0327,146.8522,,41.3088,6.0983,,137.1783,,,,46.6484,,78.7518,240.6199,,18.3142,,12.0523,61.272,175.4938,288.1445,48.7856,78.9481,,80.982,1278.6051,2.5086,,,,,,,,,648.8488,15.6009,,,,155.6034,35.9356,18.4271,,,335.3382,682.0377,251.8643,41.8532,,,,60.12,109.8062,,278.1835,11.5554,21.4423,300.0777,,7.5401,,25.7089,28.9321,421.1979,,,,7.4826,194.5061,221.7787,469.8921,5103.0841,9.3748,,,71.9195,259.8928,,,,9.8762,10.4819
2021,,6.1981,,,,,,182.2755,9.2715,,363.1351,85.4989,38.7162,,20.2747,157.9105,,70.2981,201.8222,,8.0752,,,22.9527,,,13.462,473.3488,,7.9195,40.9317,5.3698,,36.6939,10.1994,523.9392,,,,,91.1018,10087.9897,116.9456,,,,14.0108,23.73,,,8.6075,110.7774,17.2467,,53.6113,,,38.1423,43.8326,291.37,10.1431,,,14.3076,22.7692,,,,54.7971,440.1932,,,,,15.4385,834.0737,26.6938,,71.5745,,,,25.1848,5.8451,,,,9.217,132.7661,65.4039,,2252.029,627.494,662.6291,,42.0015,90.4437,451.8087,8.2112,1219.8264,30.642,191.3328,33.5415,,,96.1174,19.0115,12.5159,14.9555,,,,,,22.5677,7.9938,,6.1954,2.9409,274.132,,,16.2497,,,,7.343,539.1193,,,33.5568,,,74.3912,13.7881,,9.8104,,41.1938,159.2886,,43.763,6.8155,,157.1273,,,,42.2302,,81.2176,273.0013,,19.6233,,13.797,72.7917,191.7535,314.1451,50.4075,74.4499,,85.949,1238.1409,2.9798,,,,,,,,,669.2849,17.4775,,,,177.0542,39.8867,20.1819,,,328.0403,717.5924,275.2548,45.7423,,,,66.1797,120.7886,,291.5736,11.2757,23.9634,309.3442,,8.3568,,20.7152,31.5266,447.9969,,,,8.5682,203.006,239.5855,517.6141,5489.6623,10.548,,,80.7073,222.321,,,,9.8963,12.3593
2022,,5.6864,,,,,,183.8458,8.7247,,365.0796,83.1555,37.7552,,18.8264,166.1721,,68.328,207.0983,,8.5966,,,24.0778,,,14.072,465.2425,,7.8561,42.2472,5.7728,,38.0513,10.0062,530.2594,,,,,92.3851,10427.0334,103.8756,,,,14.6552,23.8666,,,8.8826,111.4124,18.2367,,52.6222,,,40.8797,47.0953,267.689,11.0064,,,14.6384,22.3302,,,,52.7646,437.4493,,,,,15.9162,838.8132,26.9476,,71.3354,,,,24.8146,6.3913,,,,9.6979,145.2398,62.643,,2339.9915,709.2272,632.2671,,42.9127,94.7357,461.8015,8.4394,1201.4694,31.9022,187.5385,34.5288,,,115.7966,20.8621,8.4148,14.2736,,,,,,22.102,7.9923,,6.1911,3.1965,283.7986,,,16.1187,,,,7.728,557.5734,,,36.4855,,,71.3856,14.8224,,9.7627,,46.1995,157.3793,,42.5681,6.9991,,139.5982,,,,34.8897,,81.191,245.3444,,19.5155,,13.6802,78.7448,205.0541,299.5595,50.8703,69.9556,,83.5561,1279.4094,3.4002,,,,,,,,,627.8137,19.0607,,,,195.5781,37.6914,20.6193,,,318.3232,722.6697,278.5975,45.8538,,,,66.3392,125.6687,,295.8256,13.7723,25.7993,319.5474,,8.8853,,16.834,30.0567,442.3804,,,,9.0259,168.1263,252.6535,502.7704,5565.9889,10.6857,,,89.6936,227.8973,,,,11.7279,13.612
2023,,5.382,,,,,,185.6661,7.6738,,372.1514,76.4686,40.8385,,22.0637,167.8591,,62.5479,196.6053,,8.4338,,,25.6284,,,14.5089,469.9887,,8.8763,35.3099,5.8012,,39.0641,10.3838,519.9425,,,,,88.1566,10857.0246,104.4649,,,,14.6918,23.7112,,,8.6244,100.0255,17.8646,,49.4714,,,40.4383,48.8977,253.428,11.2553,,,12.5851,23.2465,,,,47.462,407.3647,,,,,15.366,768.4811,26.373,,67.1906,,,,25.4495,6.3986,,,,10.4583,144.1638,56.7278,,2543.2155,728.1667,668.5801,,40.8339,88.3198,429.0079,8.3343,1142.2994,31.8165,212.657,34.98,,,122.3457,19.1933,14.8249,13.3619,,,,,,20.5172,7.332,,6.4193,3.2329,286.5082,,,14.2964,,,,7.9133,564.9691,,,36.6047,,,69.9135,14.428,,9.6455,,47.2793,150.1483,,41.3959,7.1732,,133.2839,,,,38.9699,,83.3599,220.106,,19.5171,,13.1249,78.8841,211.5926,273.8558,47.4599,82.2281,,78.2514,1405.9816,3.5172,,,,,,,,,654.1042,19.0327,,,,186.9257,35.0349,19.7353,,,325.3813,708.8645,260.6155,46.4393,,,,61.7216,118.3296,,294.8018,13.0208,25.7875,305.5672,,8.6473,,22.352,30.1789,483.0306,,,,8.8016,166.3056,248.0683,487.0998,5431.6589,10.7818,,,100.5155,247.7875,,,,12.7052,15.3195
2024,,,,,,,,,,,,,,,,,,,,,,,,,,,,,,,,,,,,,,,,,,,,,,,,,,,,,,,,,,,,,,,,,,,,,,,,,,,,,,,,,,,,,,,,,,,,,,,,,,,,,,,,,,,,,,,,,,,,,,,,,,,,,,,,,,,,,,,,,,,,,,,,,,,,,,,,,,,,,,,,,,,,,,,,,,,,,,,,,,,,,,,,,,,,,,,,,,,,,,,,,,,,,,,,,,,,,,,,,,,,,
,,,,,,,,,,,,,,,,,,,,,,,,,,,,,,,,,,,,,,,,,,,,,,,,,,,,,,,,,,,,,,,,,,,,,,,,,,,,,,,,,,,,,,,,,,,,,,,,,,,,,,,,,,,,,,,,,,,,,,,,,,,,,,,,,,,,,,,,,,,,,,,,,,,,,,,,,,,,,,,,,,,,,,,,,,,,,,,,,,,,,,,,,,,,,,,,,,,,,,,,,,,,,,,,,,,,,,,,,,,,,
SOURCES,,,,,,,,,,,,,,,,,,,,,,,,,,,,,,,,,,,,,,,,,,,,,,,,,,,,,,,,,,,,,,,,,,,,,,,,,,,,,,,,,,,,,,,,,,,,,,,,,,,,,,,,,,,,,,,,,,,,,,,,,,,,,,,,,,,,,,,,,,,,,,,,,,,,,,,,,,,,,,,,,,,,,,,,,,,,,,,,,,,,,,,,,,,,,,,,,,,,,,,,,,,,,,,,,,,,,,,,,,,,,
Consumption,"<b>For sources and methods, see Andrew and Peters (2023), Friedlingstein et al. (2025), and Peters et al. (2011).</b><br /><br /><br />Friedlingstein, P., O'Sullivan, M., Jones, M. W., Andrew, R. M., Bakker, D. C. E., Hauck, J., Landschützer, P., Le Quéré, C., Luijkx, I. T., Peters, G. P., Peters, W., Pongratz, J., Schwingshackl, C., Sitch, S., Canadell, J. G., Ciais, P., Jackson, R. B., Alin, S. R., Anthoni, P., Barbero, L., Bates, N. R., Becker, M., Bellouin, N., Decharme, B., Bopp, L., Brasika, I. B. M., Cadule, P., Chamberlain, M. A., Chandra, N., Chau, T.-T.-T., Chevallier, F., Chini, L. P., Cronin, M., Dou, X., Enyo, K., Evans, W., Falk, S., Feely, R. A., Feng, L., Ford, D. J., Gasser, T., Ghattas, J., Gkritzalis, T., Grassi, G., Gregor, L., Gruber, N., Gürses, Ö., Harris, I., Hefner, M., Heinke, J., Houghton, R. A., Hurtt, G. C., Iida, Y., Ilyina, T., Jacobson, A. R., Jain, A., Jarníková, T., Jersild, A., Jiang, F., Jin, Z., Joos, F., Kato, E., Keeling, R. F., Kennedy, D., Klein Goldewijk, K., Knauer, J., Korsbakken, J. I., Körtzinger, A., Lan, X., Lefèvre, N., Li, H., Liu, J., Liu, Z., Ma, L., Marland, G., Mayot, N., McGuire, P. C., McKinley, G. A., Meyer, G., Morgan, E. J., Munro, D. R., Nakaoka, S.-I., Niwa, Y., O'Brien, K. M., Olsen, A., Omar, A. M., Ono, T., Paulsen, M. E., Pierrot, D., Pocock, K., Poulter, B., Powis, C. M., Rehder, G., Resplandy, L., Robertson, E., Rödenbeck, C., Rosan, T. M., Schwinger, J., Séférian, R., Smallman, T. L., Smith, S. M., Sospedra-Alfonso, R., Sun, Q., Sutton, A. J., Sweeney, C., Takao, S., Tans, P. P., Tian, H., Tilbrook, B., Tsujino, H., Tubiello, F., van der Werf, G. R., van Ooijen, E., Wanninkhof, R., Watanabe, M., Wimart-Rousseau, C., Yang, D., Yang, X., Yuan, W., Yue, X., Zaehle, S., Zeng, J., and Zheng, B.: Global Carbon Budget 205, Earth Syst. Sci. Data. , 2025.<br /> Available at: <a href=""https://doi.org/10.5194/essd-2023-409"" target=""_blank""> https://doi.org/10.5194/essd-2023-409</a><br /><br />Andrew, R.M. and Peters, G.P. (2023): The Global Carbon Project's fossil CO<sub>2</sub> emissions dataset. Available at: <a href=""https://zenodo.org/doi/10.5281/zenodo.5569234"" target=""_blank"">Andrew and Peters, 2023.</a><br /><br />Peters, G.P., Minx, J.C., Weber, C.L., and O. Edenhofer (2011), Growth in emission transfers via international trade from 1990 to 2008. Proceedings of the National Academy of Sciences (PNAS), 108(21), 8903-8908, Available at: <a href=""https://doi.org/10.1073/pnas.1006388108"" target=""_blank"">Peters et al., 2011.</a><br /><br />The use of data is conditional on citing the original data sources. <br /><br />Data for years 2021 and 2022 are preliminary.<br /><br />",,,,,,,,,,,,,,,,,,,,,,,,,,,,,,,,,,,,,,,,,,,,,,,,,,,,,,,,,,,,,,,,,,,,,,,,,,,,,,,,,,,,,,,,,,,,,,,,,,,,,,,,,,,,,,,,,,,,,,,,,,,,,,,,,,,,,,,,,,,,,,,,,,,,,,,,,,,,,,,,,,,,,,,,,,,,,,,,,,,,,,,,,,,,,,,,,,,,,,,,,,,,,,,,,,,,,,,,,,,,
