Transfer emissions in MtCO₂,,,,,,,,,,,,,,,,,,,,,,,,,,,,,,,,,,,,,,,,,,,,,,,,,,,,,,,,,,,,,,,,,,,,,,,,,,,,,,,,,,,,,,,,,,,,,,,,,,,,,,,,,,,,,,,,,,,,,,,,,,,,,,,,,,,,,,,,,,,,,,,,,,,,,,,,,,,,,,,,,,,,,,,,,,,,,,,,,,,,,,,,,,,,,,,,,,,,,,,,,,,,,,,,,,,,,,,,,,,,,
,Afghanistan,Albania,Algeria,Andorra,Angola,Anguilla,Antigua and Barbuda,Argentina,Armenia,Aruba,Australia,Austria,Azerbaijan,Bahamas,Bahrain,Bangladesh,Barbados,Belarus,Belgium,Belize,Benin,Bermuda,Bhutan,Bolivia,"Bonaire, Saint Eustatius and Saba",Bosnia and Herzegovina,Botswana,Brazil,British Virgin Islands,Brunei Darussalam,Bulgaria,Burkina Faso,Burundi,Cambodia,Cameroon,Canada,Cape Verde,Cayman Islands,Central African Republic,Chad,Chile,China,Colombia,Comoros,Congo,Cook Islands,Costa Rica,Croatia,Cuba,Curaçao,Cyprus,Czech Republic,Côte d'Ivoire,Democratic Republic of the Congo,Denmark,Djibouti,Dominica,Dominican Republic,Ecuador,Egypt,El Salvador,Equatorial Guinea,Eritrea,Estonia,Ethiopia,Faeroe Islands,Falkland Islands (Malvinas),Fiji,Finland,France,French Guiana,French Polynesia,Gabon,Gambia,Georgia,Germany,Ghana,Gibraltar,Greece,Greenland,Grenada,Guadeloupe,Guatemala,Guinea,Guinea-Bissau,Guyana,Haiti,Honduras,Hong Kong,Hungary,Iceland,India,Indonesia,Iran,Iraq,Ireland,Israel,Italy,Jamaica,Japan,Jordan,Kazakhstan,Kenya,Kiribati,Kosovo,Kuwait,Kyrgyzstan,Laos,Latvia,Lebanon,Lesotho,Liberia,Libya,Liechtenstein,Lithuania,Luxembourg,Macao,Madagascar,Malawi,Malaysia,Maldives,Mali,Malta,Marshall Islands,Martinique,Mauritania,Mauritius,Mexico,Micronesia (Federated States of),Moldova,Mongolia,Montenegro,Montserrat,Morocco,Mozambique,Myanmar,Namibia,Nauru,Nepal,Netherlands,New Caledonia,New Zealand,Nicaragua,Niger,Nigeria,Niue,North Korea,North Macedonia,Norway,Occupied Palestinian Territory,Oman,Pakistan,Palau,Panama,Papua New Guinea,Paraguay,Peru,Philippines,Poland,Portugal,Qatar,Republic of South Sudan,Romania,Russian Federation,Rwanda,Réunion,Saint Helena,Saint Kitts and Nevis,Saint Lucia,Saint Pierre and Miquelon,Saint Vincent and the Grenadines,Samoa,Sao Tome and Principe,Saudi Arabia,Senegal,Serbia,Seychelles,Sierra Leone,Singapore,Slovakia,Slovenia,Solomon Islands,Somalia,South Africa,South Korea,Spain,Sri Lanka,Sudan,Suriname,Swaziland,Sweden,Switzerland,Syria,Taiwan,Tajikistan,Tanzania,Thailand,Timor-Leste,Togo,Tonga,Trinidad and Tobago,Tunisia,Turkey,Turkmenistan,Turks and Caicos Islands,Tuvalu,Uganda,Ukraine,United Arab Emirates,United Kingdom,United States of America,Uruguay,Uzbekistan,Vanuatu,Venezuela,Vietnam,Wallis and Futuna Islands,Western Sahara,Yemen,Zambia,Zimbabwe
1960,,,,,,,,,,,,,,,,,,,,,,,,,,,,,,,,,,,,,,,,,,,,,,,,,,,,,,,,,,,,,,,,,,,,,,,,,,,,,,,,,,,,,,,,,,,,,,,,,,,,,,,,,,,,,,,,,,,,,,,,,,,,,,,,,,,,,,,,,,,,,,,,,,,,,,,,,,,,,,,,,,,,,,,,,,,,,,,,,,,,,,,,,,,,,,,,,,,,,,,,,,,,,,,,,,,,,,,,,,,,,
1961,,,,,,,,,,,,,,,,,,,,,,,,,,,,,,,,,,,,,,,,,,,,,,,,,,,,,,,,,,,,,,,,,,,,,,,,,,,,,,,,,,,,,,,,,,,,,,,,,,,,,,,,,,,,,,,,,,,,,,,,,,,,,,,,,,,,,,,,,,,,,,,,,,,,,,,,,,,,,,,,,,,,,,,,,,,,,,,,,,,,,,,,,,,,,,,,,,,,,,,,,,,,,,,,,,,,,,,,,,,,,
1962,,,,,,,,,,,,,,,,,,,,,,,,,,,,,,,,,,,,,,,,,,,,,,,,,,,,,,,,,,,,,,,,,,,,,,,,,,,,,,,,,,,,,,,,,,,,,,,,,,,,,,,,,,,,,,,,,,,,,,,,,,,,,,,,,,,,,,,,,,,,,,,,,,,,,,,,,,,,,,,,,,,,,,,,,,,,,,,,,,,,,,,,,,,,,,,,,,,,,,,,,,,,,,,,,,,,,,,,,,,,,
1963,,,,,,,,,,,,,,,,,,,,,,,,,,,,,,,,,,,,,,,,,,,,,,,,,,,,,,,,,,,,,,,,,,,,,,,,,,,,,,,,,,,,,,,,,,,,,,,,,,,,,,,,,,,,,,,,,,,,,,,,,,,,,,,,,,,,,,,,,,,,,,,,,,,,,,,,,,,,,,,,,,,,,,,,,,,,,,,,,,,,,,,,,,,,,,,,,,,,,,,,,,,,,,,,,,,,,,,,,,,,,
1964,,,,,,,,,,,,,,,,,,,,,,,,,,,,,,,,,,,,,,,,,,,,,,,,,,,,,,,,,,,,,,,,,,,,,,,,,,,,,,,,,,,,,,,,,,,,,,,,,,,,,,,,,,,,,,,,,,,,,,,,,,,,,,,,,,,,,,,,,,,,,,,,,,,,,,,,,,,,,,,,,,,,,,,,,,,,,,,,,,,,,,,,,,,,,,,,,,,,,,,,,,,,,,,,,,,,,,,,,,,,,
1965,,,,,,,,,,,,,,,,,,,,,,,,,,,,,,,,,,,,,,,,,,,,,,,,,,,,,,,,,,,,,,,,,,,,,,,,,,,,,,,,,,,,,,,,,,,,,,,,,,,,,,,,,,,,,,,,,,,,,,,,,,,,,,,,,,,,,,,,,,,,,,,,,,,,,,,,,,,,,,,,,,,,,,,,,,,,,,,,,,,,,,,,,,,,,,,,,,,,,,,,,,,,,,,,,,,,,,,,,,,,,
1966,,,,,,,,,,,,,,,,,,,,,,,,,,,,,,,,,,,,,,,,,,,,,,,,,,,,,,,,,,,,,,,,,,,,,,,,,,,,,,,,,,,,,,,,,,,,,,,,,,,,,,,,,,,,,,,,,,,,,,,,,,,,,,,,,,,,,,,,,,,,,,,,,,,,,,,,,,,,,,,,,,,,,,,,,,,,,,,,,,,,,,,,,,,,,,,,,,,,,,,,,,,,,,,,,,,,,,,,,,,,,
1967,,,,,,,,,,,,,,,,,,,,,,,,,,,,,,,,,,,,,,,,,,,,,,,,,,,,,,,,,,,,,,,,,,,,,,,,,,,,,,,,,,,,,,,,,,,,,,,,,,,,,,,,,,,,,,,,,,,,,,,,,,,,,,,,,,,,,,,,,,,,,,,,,,,,,,,,,,,,,,,,,,,,,,,,,,,,,,,,,,,,,,,,,,,,,,,,,,,,,,,,,,,,,,,,,,,,,,,,,,,,,
1968,,,,,,,,,,,,,,,,,,,,,,,,,,,,,,,,,,,,,,,,,,,,,,,,,,,,,,,,,,,,,,,,,,,,,,,,,,,,,,,,,,,,,,,,,,,,,,,,,,,,,,,,,,,,,,,,,,,,,,,,,,,,,,,,,,,,,,,,,,,,,,,,,,,,,,,,,,,,,,,,,,,,,,,,,,,,,,,,,,,,,,,,,,,,,,,,,,,,,,,,,,,,,,,,,,,,,,,,,,,,,
1969,,,,,,,,,,,,,,,,,,,,,,,,,,,,,,,,,,,,,,,,,,,,,,,,,,,,,,,,,,,,,,,,,,,,,,,,,,,,,,,,,,,,,,,,,,,,,,,,,,,,,,,,,,,,,,,,,,,,,,,,,,,,,,,,,,,,,,,,,,,,,,,,,,,,,,,,,,,,,,,,,,,,,,,,,,,,,,,,,,,,,,,,,,,,,,,,,,,,,,,,,,,,,,,,,,,,,,,,,,,,,
1970,,,,,,,,,,,,,,,,,,,,,,,,,,,,,,,,,,,,,,,,,,,,,,,,,,,,,,,,,,,,,,,,,,,,,,,,,,,,,,,,,,,,,,,,,,,,,,,,,,,,,,,,,,,,,,,,,,,,,,,,,,,,,,,,,,,,,,,,,,,,,,,,,,,,,,,,,,,,,,,,,,,,,,,,,,,,,,,,,,,,,,,,,,,,,,,,,,,,,,,,,,,,,,,,,,,,,,,,,,,,,
1971,,,,,,,,,,,,,,,,,,,,,,,,,,,,,,,,,,,,,,,,,,,,,,,,,,,,,,,,,,,,,,,,,,,,,,,,,,,,,,,,,,,,,,,,,,,,,,,,,,,,,,,,,,,,,,,,,,,,,,,,,,,,,,,,,,,,,,,,,,,,,,,,,,,,,,,,,,,,,,,,,,,,,,,,,,,,,,,,,,,,,,,,,,,,,,,,,,,,,,,,,,,,,,,,,,,,,,,,,,,,,
1972,,,,,,,,,,,,,,,,,,,,,,,,,,,,,,,,,,,,,,,,,,,,,,,,,,,,,,,,,,,,,,,,,,,,,,,,,,,,,,,,,,,,,,,,,,,,,,,,,,,,,,,,,,,,,,,,,,,,,,,,,,,,,,,,,,,,,,,,,,,,,,,,,,,,,,,,,,,,,,,,,,,,,,,,,,,,,,,,,,,,,,,,,,,,,,,,,,,,,,,,,,,,,,,,,,,,,,,,,,,,,
1973,,,,,,,,,,,,,,,,,,,,,,,,,,,,,,,,,,,,,,,,,,,,,,,,,,,,,,,,,,,,,,,,,,,,,,,,,,,,,,,,,,,,,,,,,,,,,,,,,,,,,,,,,,,,,,,,,,,,,,,,,,,,,,,,,,,,,,,,,,,,,,,,,,,,,,,,,,,,,,,,,,,,,,,,,,,,,,,,,,,,,,,,,,,,,,,,,,,,,,,,,,,,,,,,,,,,,,,,,,,,,
1974,,,,,,,,,,,,,,,,,,,,,,,,,,,,,,,,,,,,,,,,,,,,,,,,,,,,,,,,,,,,,,,,,,,,,,,,,,,,,,,,,,,,,,,,,,,,,,,,,,,,,,,,,,,,,,,,,,,,,,,,,,,,,,,,,,,,,,,,,,,,,,,,,,,,,,,,,,,,,,,,,,,,,,,,,,,,,,,,,,,,,,,,,,,,,,,,,,,,,,,,,,,,,,,,,,,,,,,,,,,,,
1975,,,,,,,,,,,,,,,,,,,,,,,,,,,,,,,,,,,,,,,,,,,,,,,,,,,,,,,,,,,,,,,,,,,,,,,,,,,,,,,,,,,,,,,,,,,,,,,,,,,,,,,,,,,,,,,,,,,,,,,,,,,,,,,,,,,,,,,,,,,,,,,,,,,,,,,,,,,,,,,,,,,,,,,,,,,,,,,,,,,,,,,,,,,,,,,,,,,,,,,,,,,,,,,,,,,,,,,,,,,,,
1976,,,,,,,,,,,,,,,,,,,,,,,,,,,,,,,,,,,,,,,,,,,,,,,,,,,,,,,,,,,,,,,,,,,,,,,,,,,,,,,,,,,,,,,,,,,,,,,,,,,,,,,,,,,,,,,,,,,,,,,,,,,,,,,,,,,,,,,,,,,,,,,,,,,,,,,,,,,,,,,,,,,,,,,,,,,,,,,,,,,,,,,,,,,,,,,,,,,,,,,,,,,,,,,,,,,,,,,,,,,,,
1977,,,,,,,,,,,,,,,,,,,,,,,,,,,,,,,,,,,,,,,,,,,,,,,,,,,,,,,,,,,,,,,,,,,,,,,,,,,,,,,,,,,,,,,,,,,,,,,,,,,,,,,,,,,,,,,,,,,,,,,,,,,,,,,,,,,,,,,,,,,,,,,,,,,,,,,,,,,,,,,,,,,,,,,,,,,,,,,,,,,,,,,,,,,,,,,,,,,,,,,,,,,,,,,,,,,,,,,,,,,,,
1978,,,,,,,,,,,,,,,,,,,,,,,,,,,,,,,,,,,,,,,,,,,,,,,,,,,,,,,,,,,,,,,,,,,,,,,,,,,,,,,,,,,,,,,,,,,,,,,,,,,,,,,,,,,,,,,,,,,,,,,,,,,,,,,,,,,,,,,,,,,,,,,,,,,,,,,,,,,,,,,,,,,,,,,,,,,,,,,,,,,,,,,,,,,,,,,,,,,,,,,,,,,,,,,,,,,,,,,,,,,,,
1979,,,,,,,,,,,,,,,,,,,,,,,,,,,,,,,,,,,,,,,,,,,,,,,,,,,,,,,,,,,,,,,,,,,,,,,,,,,,,,,,,,,,,,,,,,,,,,,,,,,,,,,,,,,,,,,,,,,,,,,,,,,,,,,,,,,,,,,,,,,,,,,,,,,,,,,,,,,,,,,,,,,,,,,,,,,,,,,,,,,,,,,,,,,,,,,,,,,,,,,,,,,,,,,,,,,,,,,,,,,,,
1980,,,,,,,,,,,,,,,,,,,,,,,,,,,,,,,,,,,,,,,,,,,,,,,,,,,,,,,,,,,,,,,,,,,,,,,,,,,,,,,,,,,,,,,,,,,,,,,,,,,,,,,,,,,,,,,,,,,,,,,,,,,,,,,,,,,,,,,,,,,,,,,,,,,,,,,,,,,,,,,,,,,,,,,,,,,,,,,,,,,,,,,,,,,,,,,,,,,,,,,,,,,,,,,,,,,,,,,,,,,,,
1981,,,,,,,,,,,,,,,,,,,,,,,,,,,,,,,,,,,,,,,,,,,,,,,,,,,,,,,,,,,,,,,,,,,,,,,,,,,,,,,,,,,,,,,,,,,,,,,,,,,,,,,,,,,,,,,,,,,,,,,,,,,,,,,,,,,,,,,,,,,,,,,,,,,,,,,,,,,,,,,,,,,,,,,,,,,,,,,,,,,,,,,,,,,,,,,,,,,,,,,,,,,,,,,,,,,,,,,,,,,,,
1982,,,,,,,,,,,,,,,,,,,,,,,,,,,,,,,,,,,,,,,,,,,,,,,,,,,,,,,,,,,,,,,,,,,,,,,,,,,,,,,,,,,,,,,,,,,,,,,,,,,,,,,,,,,,,,,,,,,,,,,,,,,,,,,,,,,,,,,,,,,,,,,,,,,,,,,,,,,,,,,,,,,,,,,,,,,,,,,,,,,,,,,,,,,,,,,,,,,,,,,,,,,,,,,,,,,,,,,,,,,,,
1983,,,,,,,,,,,,,,,,,,,,,,,,,,,,,,,,,,,,,,,,,,,,,,,,,,,,,,,,,,,,,,,,,,,,,,,,,,,,,,,,,,,,,,,,,,,,,,,,,,,,,,,,,,,,,,,,,,,,,,,,,,,,,,,,,,,,,,,,,,,,,,,,,,,,,,,,,,,,,,,,,,,,,,,,,,,,,,,,,,,,,,,,,,,,,,,,,,,,,,,,,,,,,,,,,,,,,,,,,,,,,
1984,,,,,,,,,,,,,,,,,,,,,,,,,,,,,,,,,,,,,,,,,,,,,,,,,,,,,,,,,,,,,,,,,,,,,,,,,,,,,,,,,,,,,,,,,,,,,,,,,,,,,,,,,,,,,,,,,,,,,,,,,,,,,,,,,,,,,,,,,,,,,,,,,,,,,,,,,,,,,,,,,,,,,,,,,,,,,,,,,,,,,,,,,,,,,,,,,,,,,,,,,,,,,,,,,,,,,,,,,,,,,
1985,,,,,,,,,,,,,,,,,,,,,,,,,,,,,,,,,,,,,,,,,,,,,,,,,,,,,,,,,,,,,,,,,,,,,,,,,,,,,,,,,,,,,,,,,,,,,,,,,,,,,,,,,,,,,,,,,,,,,,,,,,,,,,,,,,,,,,,,,,,,,,,,,,,,,,,,,,,,,,,,,,,,,,,,,,,,,,,,,,,,,,,,,,,,,,,,,,,,,,,,,,,,,,,,,,,,,,,,,,,,,
1986,,,,,,,,,,,,,,,,,,,,,,,,,,,,,,,,,,,,,,,,,,,,,,,,,,,,,,,,,,,,,,,,,,,,,,,,,,,,,,,,,,,,,,,,,,,,,,,,,,,,,,,,,,,,,,,,,,,,,,,,,,,,,,,,,,,,,,,,,,,,,,,,,,,,,,,,,,,,,,,,,,,,,,,,,,,,,,,,,,,,,,,,,,,,,,,,,,,,,,,,,,,,,,,,,,,,,,,,,,,,,
1987,,,,,,,,,,,,,,,,,,,,,,,,,,,,,,,,,,,,,,,,,,,,,,,,,,,,,,,,,,,,,,,,,,,,,,,,,,,,,,,,,,,,,,,,,,,,,,,,,,,,,,,,,,,,,,,,,,,,,,,,,,,,,,,,,,,,,,,,,,,,,,,,,,,,,,,,,,,,,,,,,,,,,,,,,,,,,,,,,,,,,,,,,,,,,,,,,,,,,,,,,,,,,,,,,,,,,,,,,,,,,
1988,,,,,,,,,,,,,,,,,,,,,,,,,,,,,,,,,,,,,,,,,,,,,,,,,,,,,,,,,,,,,,,,,,,,,,,,,,,,,,,,,,,,,,,,,,,,,,,,,,,,,,,,,,,,,,,,,,,,,,,,,,,,,,,,,,,,,,,,,,,,,,,,,,,,,,,,,,,,,,,,,,,,,,,,,,,,,,,,,,,,,,,,,,,,,,,,,,,,,,,,,,,,,,,,,,,,,,,,,,,,,
1989,,,,,,,,,,,,,,,,,,,,,,,,,,,,,,,,,,,,,,,,,,,,,,,,,,,,,,,,,,,,,,,,,,,,,,,,,,,,,,,,,,,,,,,,,,,,,,,,,,,,,,,,,,,,,,,,,,,,,,,,,,,,,,,,,,,,,,,,,,,,,,,,,,,,,,,,,,,,,,,,,,,,,,,,,,,,,,,,,,,,,,,,,,,,,,,,,,,,,,,,,,,,,,,,,,,,,,,,,,,,,
1990,,-0.052862,,,,,,-3.3547,2.708,,33.3803,-26.4585,21.5646,,2.4234,-0.20447,,43.0029,0,,-0.4749,,,1.667,,,0,-20.0247,,1.1967,14.4063,-0.23165,,-0.67354,-0.67405,-39.1613,,,,,0.52937,122.7636,-3.2336,,,,-1.9541,2.7974,,,-0.81041,12.8151,-0.98468,,-7.2672,,,2.7342,1.6113,-6.3278,-1.3839,,,5.6768,-0.030609,,,,-31.7083,-90.4652,,,,,5.1596,-145.2407,-1.0102,,-11.3645,,,,0.48102,-0.31257,,,,0.67042,-34.5617,-15.1071,,-5.3661,7.9265,7.9994,,-4.7181,-18.7053,-121.0265,-1.6048,-207.5978,-7.5873,19.5833,-1.0331,,,2.3883,-2.142,-0.33537,-1.2933,,,,,,-5.7872,0,,-0.20559,0.042184,-17.9368,,,-0.83523,,,,-0.50088,-8.721,,,0.87516,,,-7.3098,-0.59435,,0,,-0.41989,-11.5327,,-1.6713,-0.29954,,1.9088,,,,,,-1.0533,-1.3448,,-0.12456,,-1.5048,-1.7885,-10.0537,51.8615,-7.4778,1.5446,,15.7757,493.2473,-0.10511,,,,,,,,,8.7959,-0.35124,,,,-18.215,-9.4521,-6.4025,,,0,-80.4745,-41.5459,0.55571,,,,-54.7528,-42.608,,42.6623,6.7405,-0.77814,-38.2553,,0.050553,,6.4463,1.7248,-55.0631,,,,-0.55217,190.5798,-3.182,-64.0616,80.4209,-0.83028,,,34.6669,-1.979,,,,0.82778,2.6632
1991,,-0.32586,,,,,,-6.2712,2.5346,,34.0115,-24.6405,26.6971,,1.7596,-0.0028475,,35.1077,0,,-0.48551,,,1.6021,,,0,-16.2317,,2.099,16.158,-0.23779,,-0.70672,-0.67704,-47.2437,,,,,-0.50312,161.2268,-2.5637,,,,-1.7759,2.1156,,,-0.45055,15.7229,-1.0776,,-1.4002,,,2.7926,1.6527,-0.50186,-1.3321,,,4.4015,-0.045474,,,,-25.8129,-80.8141,,,,,3.8083,-131.6999,-1.037,,-10.2811,,,,0.49671,-0.29339,,,,0.64542,-36.8175,-11.391,,11.4798,14.1747,9.1055,,-4.5596,-18.554,-120.8937,-0.96151,-216.6424,-5.543,75.7877,-1.2507,,,-4.6751,-6.8321,-0.36548,-1.5541,,,,,,-8.204,0,,-0.2062,0.043393,-13.3433,,,-0.85237,,,,-0.51293,-13.2206,,,3.2289,,,-6.1074,-0.55496,,0,,-0.46876,-3.007,,-1.1254,-0.36507,,3.0694,,,,,,-1.4805,-0.83363,,0.26971,,-1.6092,-2.4792,-10.0794,32.5256,-7.853,2.4533,,13.5305,349.494,-0.10769,,,,,,,,,18.8221,-0.35583,,,,-18.6026,-3.1529,-6.1051,,,0,-78.2329,-38.2913,0.53791,,,,-48.2166,-41.1654,,46.4292,5.6607,-0.8502,-31.0318,,0.055055,,5.733,3.0618,-49.6336,,,,-0.55365,166.2919,-3.5511,-67.6211,102.0328,-0.83798,,,24.549,-1.7903,,,,0.53073,2.7731
1992,,-0.40781,,,,,,-9.8889,1.9166,,36.3674,-33.5589,40.1927,,1.3709,-0.49758,,46.5822,0,,-0.47742,,,1.4231,,,0,-13.718,,1.5815,14.39,-0.24546,,-0.75495,-0.79851,-50.5338,,,,,-1.9084,73.1063,-5.2233,,,,-1.8893,-1.2866,,,-0.68755,-0.32776,-1.8062,,-9.3277,,,2.8015,3.6305,-6.6854,-1.4619,,,1.2847,-0.08922,,,,-49.7736,-125.5168,,,,,4.9625,-266.692,-1.1083,,-18.7144,,,,0.09841,-0.30854,,,,0.54121,-38.9366,-28.215,,-1.4141,12.8341,8.748,,-4.5571,-20.922,-180.2735,-0.55203,-324.5868,-5.9883,151.2303,-1.275,,,-0.35041,-17.5995,-0.37705,-3.3834,,,,,,-31.3474,0,,-0.24633,0.032913,-15.7969,,,-0.97782,,,,-0.57834,-18.5002,,,1.8033,,,-9.5499,-0.5758,,0,,-0.46184,-16.9392,,-0.45103,-0.53037,,3.5465,,,,,,-1.5055,-0.68071,,0.81645,,-1.6758,-2.7817,-10.3179,16.4793,-10.0424,4.9167,,17.351,1230.6752,-0.11335,,,,,,,,,21.7276,-0.41943,,,,-27.5732,-5.0734,-8.3916,,,0,-120.3267,-54.2766,0.82891,,,,-57.2797,-50.7818,,45.6579,3.2239,-0.87437,-59.9119,,0.025027,,6.3064,-0.64006,-76.3189,,,,-0.59439,143.6927,-4.7506,-108.0332,-8.7686,-0.93158,,,17.9192,-1.6904,,,,0.41926,3.2868
1993,,-0.33682,,,,,,-8.5793,0.61855,,40.0036,-28.0844,22.8165,,3.5112,0.10892,,40.0412,0,,-0.46378,,,1.4527,,,0,-11.4326,,0.73901,12.2544,-0.24388,,-0.68333,-0.83196,-34.6413,,,,,-2.0103,104.1918,-4.7395,,,,-1.7154,-0.82763,,,-0.2249,8.187,-1.279,,-5.4499,,,3.0094,2.9944,-0.68267,-1.2315,,,2.0328,-0.054351,,,,-32.0658,-106.6613,,,,,1.6758,-220.0176,-1.0836,,-14.1679,,,,0.37839,-0.27869,,,,0.69506,-35.4376,-20.2793,,16.1961,20.0759,24.1221,,-3.6036,-18.4602,-128.1503,-1.03,-289.594,-5.5931,76.1308,-0.87414,,,5.1187,-9.9058,-0.38866,-2.0686,,,,,,-15.1071,0,,-0.28068,0.017032,-7.2652,,,-0.64589,,,,-0.58524,-20.1589,,,3.1517,,,-7.0835,-0.56317,,0,,-0.46955,-10.7253,,-0.84326,-0.43793,,2.1532,,,,,,-1.7801,-0.72406,,0.55342,,-1.4884,-2.2479,-10.0754,27.4742,-9.7033,5.1643,,14.2994,771.3091,-0.11491,,,,,,,,,20.2783,-0.40991,,,,-23.7942,-3.6136,-6.6734,,,0,-90.877,-39.4154,0.83038,,,,-50.0112,-44.437,,50.2658,2.3389,-0.81869,-39.6202,,0.01759,,5.7666,1.6218,-53.331,,,,-0.74477,130.4624,-2.1937,-80.7671,52.435,-1.1458,,,22.555,-2.3093,,,,0.37877,3.8797
1994,,-0.44154,,,,,,-8.5753,0.80107,,35.6669,-27.1956,21.4874,,2.539,0.36965,,35.4975,0,,-0.5517,,,1.325,,,0,-14.6979,,0.16277,14.2614,-0.26552,,-0.75162,-0.52359,-25.8218,,,,,-0.94785,301.8522,-4.3581,,,,-1.4375,-1.0962,,,-0.12572,5.6806,-1.1138,,-3.792,,,3.1686,0.19375,-3.1473,-1.2452,,,3.785,-0.062032,,,,-22.1736,-105.7047,,,,,1.0007,-204.8101,-1.1206,,-11.795,,,,0.73566,-0.30695,,,,0.94235,-50.5474,-15.0627,,21.6967,19.3545,31.5832,,-3.5118,-18.3162,-116.0842,-0.68945,-303.6926,-5.7935,57.2296,-1.1457,,,7.4602,-8.324,-0.46665,-2.8653,,,,,,-12.094,0,,-0.27761,0.07382,-7.1921,,,-0.87057,,,,-0.75493,-18.5133,,,2.0294,,,-6.5599,-0.59416,,0,,-0.47048,-9.2063,,-1.5229,-0.36275,,3.1981,,,,,,-1.229,-1.1087,,0.73499,,-1.5211,-2.4667,-10.6971,34.0649,-9.9647,5.2986,,18.6286,483.9316,-0.12449,,,,,,,,,19.2122,-0.27539,,,,-18.2268,-0.17401,-5.3025,,,0,-84.4806,-30.9367,0.9307,,,,-47.1555,-43.8302,,52.4275,1.06,-0.9255,-30.32,,0.032604,,5.4739,3.0294,-36.8713,,,,-0.75738,137.7067,-2.8057,-77.1721,39.3875,-1.3205,,,26.1369,-2.079,,,,0.29923,4.7247
1995,,-0.43406,,,,,,-6.046,0.58987,,41.2609,-28.0755,9.5581,,2.721,1.3296,,24.8678,0,,-0.59907,,,1.2282,,,0,-21.7468,,0.521,11.0909,-0.32295,,-0.62836,-0.51746,-22.8075,,,,,-0.60783,314.6037,-6.3385,,,,-1.7282,-2.0359,,,-0.41974,6.3448,-0.95249,,-6.3565,,,4.0129,2.7036,-2.224,-1.329,,,2.7366,-0.01099,,,,-23.3693,-112.6785,,,,,-0.023926,-212.0701,-1.2043,,-12.3988,,,,0.93532,-0.35368,,,,1.2806,-54.3002,-11.98,,31.8431,16.9981,22.9578,,-3.2251,-20.1854,-111.0784,-0.7604,-324.0793,-6.5102,60.6948,-1.3818,,,7.4533,-9.6636,-0.53707,-3.0925,,,,,,-12.4365,0,,-0.25005,0.072496,4.2775,,,-1.3498,,,,-0.70338,1.105,,,1.8893,,,-6.8194,-0.62743,,0,,-0.43088,-9.1786,,-2.6654,-0.31743,,8.8554,,,,,,-0.84421,-1.6176,,0.39272,,-1.4473,-2.8723,-10.1608,38.3318,-10.006,4.9413,,22.2457,465.4814,-0.13581,,,,,,,,,18.7373,-0.45361,,,,-37.1757,-1.632,-5.566,,,0,-82.6861,-29.806,1.0596,,,,-48.2844,-46.5723,,59.0143,1.8887,-0.8496,-24.8399,,0.0028226,,5.9629,2.8831,-37.5626,,,,-0.76583,161.6256,-5.3183,-81.5754,39.278,-1.4173,,,23.8192,-2.3537,,,,0.17327,4.2672
1996,,-0.8774,,,,,,-5.5394,-0.48901,,42.1142,-28.3888,2.2926,,3.4285,1.9835,,11.4127,0,,-0.81542,,,1.3149,,,0,-25.7149,,-0.24754,12.7552,-0.37977,,-0.87657,-0.43659,-16.0641,,,,,0.11034,339.9526,-5.2796,,,,-1.4939,-1.625,,,0.10719,11.9738,-0.1492,,0.53759,,,4.3576,3.8123,-4.6231,-1.4791,,,3.0584,-1.1181,,,,-11.7728,-97.8624,,,,,-4.4535,-175.4753,-1.955,,-11.2583,,,,1.0028,-0.11337,,,,1.4059,-53.0865,-9.0506,,50.0342,24.8591,12.0268,,-3.0487,-17.7796,-88.5278,3.011,-298.1723,-1.5711,38.6648,-0.98647,,,5.8366,-3.7827,-0.44821,-3.4779,,,,,,-4.573,0,,-0.26918,-0.12905,5.6533,,,-0.95659,,,,-0.67597,-4.2724,,,0.78127,,,-3.7848,-0.14313,,0,,-0.57331,-8.8755,,-2.349,-0.29584,,8.7795,,,,,,-0.46486,-1.5125,,0.7227,,-1.3452,-2.8233,-17.1068,45.2491,-9.4852,5.1845,,29.2317,333.8909,-0.044179,,,,,,,,,16.7519,-0.78646,,,,-31.699,-0.2987,-5.1226,,,0,-82.1557,-27.717,1.322,,,,-32.156,-54.8513,,62.3167,0.34679,-0.84904,-6.6968,,0.08863,,7.096,4.6671,-11.4908,,,,-0.67708,67.9289,-3.8761,-86.9658,55.8878,-1.674,,,30.8396,-2.5859,,,,0.074701,4.1901
1997,,-0.64915,,,,,,-9.1529,-0.68326,,44.0791,-26.0842,3.6949,,3.3013,2.073,,13.6767,0,,-0.87264,,,1.3805,,,0,-27.4465,,0.40027,12.4616,-0.35082,,-0.93516,-0.79214,-29.4221,,,,,0.2078,412.7685,-5.2646,,,,-2.278,-1.971,,,0.43764,13.5161,-0.52308,,-2.8639,,,4.6542,1.241,-0.93657,-1.4709,,,3.029,0.0021915,,,,-6.1857,-81.7454,,,,,-3.1805,-146.4862,-6.5112,,-7.7081,,,,1.1891,-0.043021,,,,1.4133,-63.5878,-13.8374,,55.4557,35.6895,19.7329,,-5.3652,-17.1999,-81.1646,2.843,-275.7987,-4.9395,37.8479,-2.0025,,,7.9377,0.22766,-0.46976,-3.4246,,,,,,-5.502,0,,-0.20828,-0.1143,3.8123,,,-0.74398,,,,-0.86472,-19.838,,,1.3208,,,-2.9613,-0.20519,,0,,-0.46266,-11.2339,,-2.5347,-0.28129,,8.389,,,,,,-0.1496,-1.1272,,0.61709,,-1.4989,-2.9106,-16.6987,47.3635,-12.9588,7.4005,,29.7357,294.9488,-0.00623,,,,,,,,,13.0497,-0.77658,,,,-29.7311,0.87071,-5.1503,,,0,-54.6229,-18.4648,1.9106,,,,-24.6946,-49.9348,,-52.655,-1.1898,-0.93817,12.6876,,0.071163,,7.0579,5.4043,-10.6298,,,,-0.72142,65.3953,-10.0615,-98.6366,34.5087,-1.646,,,25.6737,0.41242,,,,0.071781,3.5936
1998,,-0.67848,,,,,,-9.4362,-1.119,,40.2762,-29.7577,1.3146,,2.301,2.5875,,10.2821,0,,-0.862,,,0.71186,,,0,-22.7697,,0.54687,8.4637,-0.43434,,-0.98483,-1.0399,-31.1636,,,,,-2.8816,357.9845,-5.3593,,,,-2.2004,-1.058,,,0.28752,10.7731,-1.3938,,-7.3714,,,4.6118,0.182,-3.2492,-2.0949,,,1.0565,0.0084732,,,,-9.8689,-88.2049,,,,,-2.21,-169.8094,-3.8972,,-6.9174,,,,1.3869,0.0056937,,,,1.7488,-44.2619,-16.9224,,61.6916,95.5382,15.9442,,-8.1777,-18.3814,-90.1342,2.5844,-224.5795,-3.5137,27.5538,-1.8772,,,2.5918,-0.36825,-0.46117,-5.0311,,,,,,-6.188,0,,-0.34228,-0.12735,30.5262,,,-1.3745,,,,-0.85021,-26.2351,,,0.99988,,,-3.4671,-0.25226,,0,,0.1339,-9.3143,,-1.4384,-0.3963,,0.19017,,,,,,-1.2513,-0.37216,,1.4024,,-1.0693,-3.8029,-9.4457,43.6296,-17.0762,6.1419,,17.6123,421.5717,-0.015761,,,,,,,,,-8.8205,-0.70913,,,,-16.9716,-1.8385,-5.9603,,,0,10.5686,-22.4761,1.9682,,,,-27.7228,-62.9288,,-40.6816,-1.6908,-1.1375,31.4531,,0.13029,,6.7904,5.5916,-12.789,,,,-0.8027,77.7051,-16.7837,-123.3962,-102.5322,-2.0646,,,18.5527,0.46813,,,,-0.19834,4.3314
1999,,-0.72169,,,,,,-1.1704,-0.50971,,43.4033,-28.6215,2.9062,,9.2643,-5.8502,,8.0743,-56.4711,,-0.48791,,,-0.18591,,,0,-4.3947,,1.6807,4.1403,-0.65835,,-0.85803,-0.589,-22.8578,,,,,0.9869,358.6328,0.76033,,,,-2.2624,-1.3644,,,0.18042,6.4107,-0.54501,,-13.4831,,,6.3409,2.3548,-2.2368,-1.8094,,,-4.531,-1.2388,,,,-13.5683,-93.1023,,,,,-1.8129,-197.903,-2.6191,,-5.4168,,,,1.2773,0.19235,,,,1.3351,-38.428,-10.7196,,39.1695,49.2655,69.4126,,-16.7028,-12.8841,-93.9228,3.6841,-261.6604,-0.77424,20.2772,-1.4021,,,17.5355,-0.84818,-0.34937,-4.6545,,,,,,-5.1742,0.37692,,-0.50948,-0.2484,9.924,,,-2.0257,,,,-0.55094,-33.8352,,,0.21121,,,-5.8249,-0.47152,,0,,0.15958,35.4858,,-2.7618,-0.56974,,21.2537,,,,,,4.4757,-1.8274,,0.84873,,-1.2067,-3.2064,-15.8304,21.7936,-16.7016,20.0085,,9.5983,493.4597,-0.0016716,,,,,,,,,49.4794,-0.85571,,,,-35.2368,-1.059,-3.5856,,,0,-25.4857,-20.3285,-7.691,,,,-23.6944,-40.8798,,-56.9765,-1.503,-1.2968,17.7043,,0.61033,,11.114,4.7279,-19.8901,,,,-1.6081,63.8509,-24.2766,-126.9512,-137.168,-2.2013,,,53.254,3.7513,,,,-0.21754,5.7762
2000,,-0.93505,,,,,,0.64572,-0.30726,,57.8405,-27.2927,5.843,,10.1448,0.96833,,13.8927,-68.5664,,-0.83593,,,-0.20214,,,0.51732,-13.605,,2.3445,3.1349,-0.43992,,-8.9756,-0.2927,-14.8662,,,,,-2.445,407.806,2.1182,,,,-2.9151,-1.2634,,,-0.87062,8.7354,-0.4876,,-13.8376,,,6.7763,2.6481,7.4421,-2.7733,,,-5.6519,-1.9177,,,,-20.9583,-106.0823,,,,,-1.4181,-201.6988,-2.1601,,-4.2365,,,,-14.8827,0.17502,,,,1.1694,-48.2219,-11.7165,,72.6921,40.1529,78.3739,,-8.8295,-12.4829,-107.3355,3.7547,-322.6374,-2.0182,39.3144,-1.7865,,,25.1377,-2.1681,-2.0388,-9.2688,,,,,,-7.6845,0.10893,,-1.0899,0.056069,16.3387,,,-3.7479,,,,-1.9221,-65.6438,,,0.045655,,,-4.7968,-2.8342,,0.086365,,0.37294,38.519,,-0.76654,-0.65105,,47.2521,,,,,,8.3469,-2.7103,,1.2208,,-2.0679,-3.0443,-16.1743,23.2143,-22.9184,25.2921,,5.392,494.3522,-0.19611,,,,,,,,,106.5163,-1.197,,,,-120.5829,-0.91707,-4.3394,,,91.4398,-62.239,-24.3858,-7.824,,,,-29.4449,-47.1189,,-56.0761,-1.5185,-2.4247,17.3453,,0.34968,,14.2843,5.6106,-21.0576,,,,-1.3892,69.0673,26.5292,-170.0645,-206.5423,-2.6308,,,69.754,16.8273,,,,-1.9076,1.8364
2001,,-1.2161,,,,,,4.1876,-0.46865,,56.8971,-27.763,4.8388,,10.3316,1.5498,,16.1594,-69.0704,,-1.0954,,,-0.10386,,,0.7517,-2.2528,,2.2371,3.3821,-0.72304,,-9.7888,-0.92289,-7.3389,,,,,-1.7109,392.9309,1.5925,,,,-2.765,-2.8824,,,-0.9269,7.4122,1.3261,,-11.4364,,,-18.8706,-0.17826,8.3623,-2.5295,,,-3.4505,-1.5007,,,,-17.9652,-99.03,,,,,-1.5759,-181.9786,-2.2615,,-3.1114,,,,1.4788,0.29989,,,,1.4883,-43.249,-13.579,,79.6685,50.7231,77.2792,,-8.4425,-8.8498,-93.0636,3.4277,-296.692,-3.837,21.066,-3.4655,,,23.2803,-1.2222,-2.0033,-8.21,,,,,,-6.7563,0.8462,,-0.88213,0.061458,18.2348,,,-3.8557,,,,-1.6678,-54.0583,,,-0.05767,,,-4.4026,-3.1181,,0.080079,,-0.6141,45.911,,0.014466,-0.67859,,29.5809,,,,,,6.1653,-2.781,,1.9915,,-1.949,-3.7636,-18.6656,24.2457,-25.1557,27.0214,,4.2338,415.5139,0.018035,,,,,,,,,98.3222,-0.87012,,,,-104.9984,-0.8881,-4.0801,,,97.362,-48.2866,-23.8842,-9.0447,,,,-21.207,-64.4958,,-32.5766,-1.4651,-2.6913,15.9945,,0.40161,,14.6601,6.3181,12.6701,,,,-1.164,49.3111,12.1857,-151.5069,-245.5177,-2.34,,,47.5881,18.5669,,,,-2.0912,1.0063
2002,,-1.1737,,,,,,42.587,-1.0043,,41.4831,-24.3423,3.1062,,9.8445,1.3086,,15.9748,-73.9395,,-0.99407,,,-0.26848,,,-1.7062,9.7897,,1.7167,3.1243,-0.78688,,-10.6579,-2.4265,-21.2519,,,,,-3.9762,478.4751,0.47903,,,,-5.3625,-3.5182,,,-1.1612,3.3345,2.2933,,-11.6919,,,-8.4624,-0.84681,8.4828,-2.304,,,-5.0676,0.50219,,,,-15.4921,-98.235,,,,,-1.6779,-134.2396,-1.6656,,-6.6677,,,,1.4379,0.31497,,,,1.6415,-39.0372,-13.7461,,95.8717,32.0697,95.7043,,-10.4868,-10.6318,-103.4418,3.0696,-255.9709,-4.7496,32.7707,-2.557,,,18.6077,-0.94403,-2.1626,-8.0239,,,,,,-5.318,1.4659,,-1.2605,0.036319,12.7778,,,-4.0177,,,,-1.8664,-51.9893,,,0.047799,,,-6.2646,-3.0357,,0.14867,,-0.92375,27.2108,,-0.47222,-0.59408,,18.6437,,,,,,7.9869,-5.9569,,1.1841,,-1.8521,-4.7219,-18.1643,26.2003,-22.6431,23.6799,,4.8743,397.2756,0.031836,,,,,,,,,110.9112,-1.1208,,,,-112.039,-0.50772,-3.0663,,,101.4358,-64.6456,-26.0192,-11.862,,,,-23.6283,-54.4898,,-33.4144,-2.5071,-2.6453,12.5322,,0.32771,,13.8044,5.9548,-0.022285,,,,-1.521,51.8899,-3.3817,-174.5819,-325.9982,-1.8333,,,82.6551,21.3494,,,,-2.0188,-0.18334
2003,,-1.6408,,,,,,16.721,-0.75216,,28.2799,-22.5329,-3.0596,,8.8693,-1.7491,,12.8678,-73.9762,,-1.8209,,,0.91979,,,1.0638,22.0081,,0.51646,3.8367,-0.17425,,-5.8622,-1.0283,-4.5959,,,,,0.088222,815.5634,-2.8178,,,,-3.8806,-5.4152,,,-1.2221,5.4105,-0.62959,,-7.1633,,,-10.9897,-1.5097,12.6259,-2.4856,,,-4.1514,1.0263,,,,-18.3788,-103.2337,,,,,-2.0522,-161.5894,-3.3489,,-14.9687,,,,1.3825,-0.96079,,,,1.2214,-51.6603,-24.8069,,82.9862,26.8631,50.5322,,-19.1187,-14.6675,-96.5045,3.0775,-219.8853,-4.5507,44.0745,-3.7037,,,5.3835,-0.57449,-1.0115,-6.8912,,,,,,-9.136,-1.0903,,-1.2486,0.0072975,23.2313,,,-1.9163,,,,-2.0942,-33.2562,,,-0.51071,,,-4.0435,-3.5667,,0.17797,,0.53617,4.4621,,-3.769,-0.80772,,24.254,,,,-4.5878,,-3.6435,-7.4264,,4.1822,,-1.3032,-3.9393,-21.114,29.4204,-46.3627,23.141,,3.8597,368.8925,0.0078487,,,,,,,,,33.9498,-1.0233,,,,-60.9573,0.8123,-3.5215,,,129.2763,-64.0303,-33.3711,-7.3731,,,,-27.3572,-56.6422,,-18.7252,-3.7223,-2.3102,3.7771,,0.69354,,14.7434,5.4067,-9.1076,,,,-1.1372,88.52,-17.9768,-191.4059,-429.0619,-1.5539,,,46.4427,18.6178,,,,-1.8117,-1.8851
2004,,-1.3523,,,,,,17.311,-0.54961,,30.2939,-25.7587,-5.7659,,10.167,-1.8144,,14.6252,-88.9658,,-1.329,,,1.2951,,,1.0866,26.4557,,0.50828,3.3,-0.24229,,-7.9805,-0.35193,-15.7543,,,,,0.53468,956.318,-5.355,,,,-3.7147,-6.7601,,,-0.9324,11.8422,0.67605,,-13.2604,,,-11.7694,-1.5627,20.2832,-2.2305,,,-4.3607,1.3378,,,,-18.4807,-120.7253,,,,,-2.7323,-160.6948,-3.4562,,-14.6228,,,,1.4659,0.17965,,,,1.4397,-52.9341,-23.4115,,91.2945,24.7981,57.1112,,-17.939,-16.1216,-105.9836,3.4525,-227.5739,-4.3037,47.836,-2.712,,,6.8273,-1.7624,-1.3015,-6.6122,,,,,,-7.854,-1.1726,,-1.0871,0.09044,29.7944,,,-1.6979,,,,-2.3965,-52.5047,,,-0.15516,,,-4.6056,-3.5933,,0.045183,,-1.6584,-2.5945,,-5.3883,-0.95638,,14.4662,,,,-8.0865,,0.27242,-15.6038,,3.6039,,-1.6127,-2.8546,-21.254,29.0769,-44.2974,24.3187,,1.8074,350.5767,-0.051902,,,,,,,,,53.0142,-1.1144,,,,-77.4718,0.27934,-3.7596,,,130.1762,-71.6256,-40.1519,-8.8201,,,,-27.9671,-57.4695,,-49.262,-3.5076,-2.389,-0.066889,,0.71691,,15.4782,6.3469,-34.6977,,,,-1.266,105.3392,-21.0697,-201.2381,-444.2304,-1.8352,,,45.0066,22.0198,,,,-1.863,-0.98277
2005,,-1.5913,,,,,,14.2543,-0.96395,,33.3083,-26.021,-1.407,,12.2589,-1.9418,,14.5731,-87.7965,,-1.7074,,,1.8869,,,1.2591,15.2943,,0.45457,1.8118,-0.2804,,-10.0219,-0.57285,-45.5452,,,,,-2.0421,1235.3808,-6.4408,,,,-4.0236,-6.6917,,,-0.83367,14.2605,0.80823,,-15.7068,,,-17.7176,-1.9763,19.2186,-2.4083,,,-3.1756,1.1511,,,,-26.4619,-129.1473,,,,,-3.2058,-177.3835,-4.6756,,-11.7555,,,,1.8111,0.21657,,,,1.4642,-58.9429,-28.8481,,90.8744,23.5524,70.6533,,-21.4005,-16.1343,-104.1766,3.1468,-225.947,-4.7184,47.9217,-3.8404,,,0.96165,-2.5195,-1.3182,-5.8838,,,,,,-6.7043,-2.1651,,-1.2663,0.085694,27.1005,,,-0.99226,,,,-1.8217,-49.4442,,,-0.42169,,,-4.1754,-4.4064,,0.012324,,-1.5711,-25.5291,,-6.5841,-0.93566,,11.8214,,,,-7.3749,,2.2229,-16.7898,,5.8734,,-1.7669,-2.9818,-21.7736,27.0729,-58.5486,20.7739,,-1.2911,358.2454,0.0081243,,,,,,,,,56.6774,-1.4549,,,,-87.6462,2.6658,-3.7477,,,120.242,-95.6873,-54.6571,-9.3106,,,,-32.918,-65.1547,,-33.2118,-4.7638,-3.0486,-7.3338,,0.60291,,22.0308,7.0671,-41.7049,,,,-1.397,78.4505,-32.8114,-195.4943,-529.1084,-1.8071,,,50.1389,24.459,,,,-1.9265,-0.81969
2006,,-1.9231,,,,,,18.6244,-1.2027,,27.2592,-27.6061,-2.942,,12.5404,-0.11181,,14.2361,-95.8068,,-3.1562,,,1.6103,,,0.67545,8.5464,,1.6487,0.79808,-0.40642,,-9.7899,-1.5041,-26.9837,,,,,-2.3698,1421.9402,-9.9361,,,,-4.7452,-6.1211,,,-1.1121,10.6274,0.17189,,-14.6827,,,-20.7233,-4.2018,18.007,-3.1535,,,-6.0831,0.99488,,,,-21.9476,-137.4964,,,,,-2.6051,-161.0606,-4.3468,,-15.7476,,,,0.80446,0.37493,,,,1.2956,-59.7119,-31.381,,120.7266,14.0913,76.5141,,-23.0471,-18.6323,-127.7631,3.7792,-221.1269,-4.7322,41.028,-4.4904,,,5.6996,-4.0163,-1.6402,-7.103,,,,,,-8.2997,-1.945,,-1.0506,0.019833,24.7648,,,-1.3538,,,,-2.0518,-55.106,,,-0.41913,,,-4.7209,-4.0555,,0.24906,,-2.0531,-39.4293,,-5.2689,-1.3081,,24.1933,,,,-12.7774,,1.2225,-16.864,,8.0248,,-1.7985,-4.209,-19.496,24.5385,-53.5562,23.7331,,-0.3256,387.5127,-0.0040737,,,,,,,,,58.3555,-1.7928,,,,-93.1029,-0.56516,-3.9165,,,112.4184,-108.8865,-64.6222,-10.0568,,,,-34.4219,-77.6568,,-27.6694,-6.497,-2.4166,-2.2987,,-2.242,,28.1779,6.7003,-52.5001,,,,-1.4638,75.4526,-47.9494,-199.0149,-573.5954,-1.8928,,,43.2713,25.3202,,,,-2.6914,-0.75844
2007,,-2.0544,,,,,,12.5512,-4.9712,,22.6099,-28.331,-1.3415,,12.2141,0.11792,,8.1797,-106.5783,,-3.4978,,,1.4537,,,0.56118,-3.4773,,1.6627,1.3115,-0.3021,,-9.4051,-1.3543,-27.9927,,,,,-2.5588,1506.0028,-15.5398,,,,-5.244,-5.8285,,,-1.3749,3.586,-0.65924,,-17.0406,,,-12.7171,-3.6874,14.7879,-2.9889,,,-2.2414,1.2092,,,,-22.5969,-148.4056,,,,,-3.7271,-189.0779,-5.2048,,-16.891,,,,1.0777,0.37475,,,,1.4245,-56.4753,-38.8745,,102.3932,15.0979,24.1516,,-22.7566,-19.4219,-125.0112,3.1676,-187.5122,-5.2831,36.4623,-5.3576,,,2.587,-3.7498,-1.7494,-9.0889,,,,,,-8.9627,0.53195,,-1.2174,0.13541,18.1508,,,-2.4005,,,,-2.014,-48.956,,,-0.42572,,,-6.4512,-4.8952,,-0.16997,,-2.4746,-11.7875,,-6.7911,-1.5505,,5.6257,,,,-15.7954,,0.21284,-16.8516,,6.8538,,-2.4931,-5.4648,-22.4536,16.7508,-56.621,18.0501,,-5.2706,317.7026,-0.015384,,,,,,,,,41.0722,-2.1572,,,,-86.8061,-6.8144,-5.7529,,,123.7399,-120.3613,-66.9384,-8.3212,,,,-36.0732,-73.5475,,-4.8549,-3.1693,-3.1097,0.53879,,0.23646,,25.2106,8.007,-56.603,,,,-1.6563,52.7019,-55.1029,-205.4099,-405.1847,-2.9827,,,34.9794,22.6015,,,,-3.4072,-1.0393
2008,,-2.1787,,,,,,9.0871,-1.6991,,31.801,-26.6337,-1.5698,,12.7174,0.55316,,8.1024,-111.8823,,-4.5867,,,1.1275,,,0.40054,-32.9247,,2.3263,-1.6116,-0.13053,,-10.715,-1.7012,-26.1909,,,,,-13.9255,1604.43,-14.178,,,,-5.9323,-11.6198,,,-2.1815,-4.9551,-0.56179,,-18.99,,,-10.8754,-5.2914,11.7462,-3.0013,,,-0.35045,1.2462,,,,-25.6158,-153.345,,,,,-3.7046,-180.2488,-6.0918,,-20.2022,,,,0.76328,0.30898,,,,-6.3192,-53.735,-42.4888,,117.5718,-8.0398,19.9539,,-16.633,-22.3386,-122.8742,3.5414,-237.8314,-8.8408,49.4165,-5.9105,,,5.2842,-9.4565,-2.135,-8.3548,,,,,,-8.0447,-3.7212,,-2.5273,0.1212,20.9733,,,-4.1308,,,,-2.5124,-56.1053,,,-1.3277,,,-9.7936,-6.1786,,-0.50588,,-3.1167,-22.6077,,-5.7223,-1.5052,,3.9097,,,,-12.7678,,-1.9615,-16.9736,,6.9255,,-3.528,-11.2045,-25.1123,6.8203,-57.0819,18.4422,,-8.1863,325.4787,-0.046946,,,,,,,,,43.5841,-2.5239,,,,-134.9179,-9.5794,-5.4075,,,153.9745,-111.7713,-66.6324,-9.7745,,,,-35.9491,-66.4041,,-11.2252,-4.8321,-5.2332,-10.647,,0.29133,,24.6957,8.6332,-47.1001,,,,-1.6869,34.5582,-66.2941,-186.5891,-298.8536,-3.4665,,,35.648,24.2379,,,,-4.376,-2.3044
2009,,-2.3718,,,,,,15.5421,-2.0698,,8.2514,-23.9145,-4.0141,,7.0511,-0.74105,,5.8898,-84.6786,,-2.5927,,,-0.095054,,,-0.2074,-17.8334,,0.9843,0.94039,-0.40534,,-7.0494,-1.5826,-43.7265,,,,,0.080215,1228.306,-10.8044,,,,-3.5447,-4.6191,,,-2.2852,-0.93287,-1.067,,-17.5093,,,-30.239,-2.0624,5.9577,-1.7917,,,0.041146,0.7684,,,,-18.466,-140.7347,,,,,-1.9669,-190.0299,-5.6608,,-19.7717,,,,1.444,-0.7795,,,,1.0701,-38.8329,-16.1271,,91.6429,12.7313,28.0366,,-7.7789,-14.7118,-154.1281,1.9609,-214.8098,-9.9602,40.9421,-5.6277,,,7.5425,-8.1447,-2.3504,-4.4258,,,,,,-7.76,2.0844,,-2.039,0.20984,27.161,,,-3.0809,,,,-1.9228,-48.1981,,,-0.62644,,,-6.1947,-5.694,,-0.2533,,0.74164,-16.3788,,-2.6735,-1.145,,-16.4121,,,,-12.6462,,-5.6977,-14.186,,6.9986,,-2.5326,-6.4817,-18.9636,6.2359,-41.4024,10.9985,,-3.7999,313.5604,0.011181,,,,,,,,,24.1187,-1.3691,,,,-60.6752,-6.6334,-2.9024,,,120.9528,-36.0655,-48.3368,-7.7474,,,,-27.0212,-77.0547,,9.4376,-3.6834,-3.6222,-2.6609,,0.66903,,18.8225,6.5571,-17.2036,,,,-2.0075,29.815,-44.0068,-147.7161,-239.9798,-2.4425,,,17.8645,25.0193,,,,-2.932,-1.1017
2010,,-1.7628,,,,,,8.2997,-1.5381,,5.7815,-23.1556,-3.937,,6.3976,0.13839,,2.4843,-92.5007,,-2.9045,,,0.32876,,,-5.7748,-38.6092,,1.2623,3.0596,-0.2265,,-10.0898,-1.4061,-64.3472,,,,,-5.2181,1349.3543,-13.9605,,,,-4.4367,-4.1188,,,-2.4618,-6.2783,-1.2968,,-17.9164,,,-37.6772,-2.192,0.10086,-1.6605,,,1.1786,1.2561,,,,-23.1052,-134.0011,,,,,-2.397,-200.3776,-5.7478,,-11.0226,,,,0.34862,-1.0758,,,,1.3925,-50.1079,-19.0324,,107.4225,9.9286,84.9897,,-5.5297,-17.6389,-188.7832,1.7091,-210.5352,-7.9808,85.7277,-5.9483,,,6.6747,-6.8384,0.47875,-5.0254,,,,,,-6.5097,1.3291,,-1.4146,0.13853,12.4593,,,-4.65,,,,-1.7555,-68.4188,,,-1.1516,,,-4.5129,-5.1957,,-6.5276,,0.64332,-28.4426,,-3.4206,-0.98073,,-1.8388,,,,-15.1053,,-1.6499,-14.7464,,7.992,,-3.6926,-10.4836,-22.0336,4.3536,-45.9525,21.3152,,-6.3252,331.3054,-0.021246,,,,,,,,,35.6572,-0.97832,,,,-61.0562,-9.5474,-3.3432,,,117.4219,-60.2396,-46.1478,-10.9128,,,,-30.2887,-68.3725,,-26.2143,-6.0599,-3.4544,-16.3609,,0.7639,,21.653,7.6316,-47.3913,,,,-2.055,57.4625,-30.6947,-174.9619,-220.582,-3.8451,,,43.5883,31.3909,,,,-2.7898,-0.16555
2011,,-1.8088,,,,,,-8.9307,-0.6585,,4.639,-27.5013,-3.2324,,10.9443,1.3947,,12.0737,-108.7546,,-4.5294,,,-0.050516,,,-9.0485,-47.0317,,-0.22039,6.4079,-0.21677,,-16.0969,-1.8542,-53.76,,,,,-10.2785,1463.242,-17.1728,,,,-5.7526,-3.9473,,,-2.358,-4.5725,-0.83055,,-20.3303,,,-29.5748,-2.8193,3.7569,-2.1906,,,-1.4667,1.7606,,,,-17.0687,-154.4598,,,,,-2.8345,-184.4332,-8.1633,,-6.8247,,,,1.5595,-1.414,,,,2.1293,-69.3133,-19.9787,,141.4974,8.7363,93.4456,,-7.1698,-20.2693,-147.4432,1.9721,-239.6293,-10.4857,87.3914,-7.6387,,,5.5501,-7.5644,0.70558,-5.8756,,,,,,-9.4567,0.44934,,-1.302,0.15903,3.4521,,,-6.9521,,,,-2.0345,-81.6933,,,-2.4375,,,-8.004,-7.3247,,-6.4197,,0.63799,-31.5455,,-4.8886,-0.80641,,5.4794,,,,-11.4347,,-0.19129,-15.7957,,9.7292,,-4.5967,-13.1082,-28.2244,7.9153,-12.4918,35.8967,,-2.0241,324.1721,-0.038419,,,,,,,,,37.823,-1.926,,,,-152.0437,-10.1035,-4.5348,,,120.9875,-59.6757,-38.1673,-17.8874,,,,-33.0388,-86.6262,,-30.9243,-6.3279,-5.0071,-19.6626,,0.76152,,27.5333,7.413,-56.3178,,,,-2.2664,42.875,-33.4611,-156.9081,-198.4247,-4.5604,,,43.1113,38.6428,,,,-4.3131,0.36648
2012,,-1.6407,,,,,,-7.2764,-0.73438,,-8.1583,-24.8667,-4.5567,,8.5108,0.25654,,-8.2563,-94.0761,,-3.2145,,,0.48469,,,-8.5172,-37.8552,,0.21875,4.9153,-0.097955,,-15.3996,-2.4019,-52.4466,,,,,-15.3915,1424.6428,-18.472,,,,-5.7444,-6.469,,,-1.5774,1.4294,-1.8415,,-18.6513,,,-26.5832,-3.452,-10.9875,-1.9195,,,-1.4566,0.87718,,,,-19.3716,-121.4512,,,,,-2.882,-118.0289,-9.8767,,-1.2241,,,,1.4205,-1.4346,,,,2.1907,-88.0534,-16.7384,,144.9094,-7.9861,43.3451,,-7.0368,-19.7772,-132.6347,1.9173,-239.0821,-11.3346,60.157,-9.5833,,,16.0781,-8.5829,0.66115,-5.5071,,,,,,-5.9888,0.53749,,-1.1566,0.10972,-9.5379,,,-6.2461,,,,-1.8829,-78.2985,,,-0.85923,,,-5.9216,-7.0333,,-5.941,,0.73661,-11.1585,,-5.1111,-1.291,,6.2466,,,,-8.6561,,-4.232,-17.2953,,8.9198,,-4.2478,-14.4104,-32.7871,4.7125,-1.2927,43.8671,,1.9903,278.628,-0.076707,,,,,,,,,31.4214,-2.4529,,,,-159.3191,-5.5128,-3.1811,,,111.0291,-37.0858,-11.4696,-15.9229,,,,-28.4074,-133.1081,,-7.6936,-3.6311,-4.5373,-24.4349,,0.3745,,24.5867,7.3942,-48.8179,,,,-1.8055,46.6101,-32.8383,-153.0646,-218.8555,-4.3493,,,37.9171,37.2085,,,,-3.9531,-0.43737
2013,,-1.1697,,,,,,-14.2246,-0.35035,,11.635,-23.4106,-1.9711,,11.9008,0.66286,,-5.3296,-103.9458,,-4.5976,,,-0.65511,,,-6.6755,-64.1966,,-0.69059,5.0421,-0.34357,,-15.4959,-1.8685,-47.9297,,,,,-10.9239,1314.9946,-17.9654,,,,-5.6764,-5.6743,,,-1.0467,-3.429,-2.0423,,-14.9403,,,-25.4733,-4.4691,-5.3098,-2.5129,,,1.9682,1.5955,,,,-15.744,-123.3599,,,,,-2.7768,-97.8128,-9.087,,-2.2673,,,,2.0972,0.34603,,,,-8.4984,-107.8941,-15.9803,,357.4825,-16.0817,124.036,,-6.7302,-21.4614,-119.2238,2.2626,-175.2038,-13.453,52.8354,-12.855,,,1.0218,-7.3585,0.68437,-5.3668,,,,,,-7.3695,0.50819,,-1.8007,0.38043,-9.3664,,,-4.8581,,,,-2.0622,-94.2042,,,-0.19963,,,-5.2239,-11.478,,-6.4724,,0.84794,-13.5044,,-5.418,-1.6198,,-14.8861,,,,-8.9473,,-5.9461,-17.1892,,7.7077,,-4.6904,-16.1395,-35.298,17.6318,-2.8084,35.9134,,1.4131,254.7577,-0.0035443,,,,,,,,,13.1896,-3.0553,,,,-194.8151,-4.3468,-2.7008,,,99.2033,-35.1741,-59.0387,-19.4087,,,,-27.4054,-109.9459,,-12.2853,-8.0921,-8.4735,-31.4587,,0.44281,,31.4265,7.7841,-53.8612,,,,-2.0035,45.7662,-44.4124,-147.1989,-164.2867,-4.1098,,,59.3441,29.3572,,,,-4.285,-0.40222
2014,,-0.42869,,,,,,-3.1532,-0.31183,,8.1016,-27.8252,-2.4707,,10.5677,-39.2188,,-3.1049,-109.9978,,-3.5908,,,-1.4862,,,-7.343,-56.8014,,0.6205,5.6358,-0.19224,,-14.0381,-1.5762,-34.1422,,,,,-7.9084,1255.8974,-21.1074,,,,-5.5627,-2.512,,,-1.4867,-1.02,-2.2141,,-17.8837,,,-13.1892,-3.7272,-18.8234,-2.5055,,,0.92644,1.4382,,,,-14.7817,-120.9128,,,,,-2.7138,-115.1394,-8.6104,,-1.6212,,,,2.4305,0.46639,,,,2.3385,-100.3269,-15.0772,,337.1587,-11.9786,117.5847,,-7.8707,-26.1725,-119.6616,1.6565,-143.7995,-11.6035,81.1778,-15.9178,,,-5.3307,-7.7122,0.6854,-4.9685,,,,,,-7.8428,0.17273,,-1.8585,0.34626,-8.3559,,,-6.2798,,,,-2.2301,-102.1609,,,0.34354,,,-4.0895,-11.5586,,-8.1679,,1.3042,-7.5871,,-5.5436,-1.8731,,-14.4997,,,,-7.7297,,-6.8743,-20.1669,,6.9707,,-4.6364,-14.0174,-36.9704,11.3123,-1.9296,29.1319,,-0.91404,289.3829,-0.070217,,,,,,,,,-5.6542,-3.7194,,,,-141.8742,-3.9292,-3.6474,,,119.7631,-65.3389,-24.957,-20.0179,,,,-27.959,-120.772,,-21.3634,-15.544,-8.5757,-3.4869,,0.17238,,27.4962,7.4319,-46.8196,,,,-2.2028,62.4212,-44.242,-166.0995,-227.0107,-3.6809,,,8.0504,39.3651,,,,-4.6295,-0.86616
2015,,-1.1819,,,,,,-14.3636,-0.60406,,13.3633,-20.7926,-2.3028,,8.7099,0.11927,,-4.3791,-100.3154,,-3.0319,,,-1.6063,,,-7.1253,-28.0327,,-0.39532,7.1373,0.2266,,-16.0967,-1.2055,-10.1908,,,,,-6.39,1068.2952,-17.1607,,,,-5.8302,-4.6487,,,-1.1638,-2.524,-3.0956,,-18.0599,,,-15.7634,-4.8289,-32.3277,-2.4773,,,-1.3532,1.3163,,,,-12.2644,-102.5632,,,,,-2.7592,-98.6918,-8.2261,,-0.86939,,,,2.4765,0.36339,,,,2.5242,-68.6965,-12.778,,270.7649,5.7298,54.5987,,-5.0849,-22.0976,-99.5271,1.7291,-100.9494,-11.6319,52.9573,-13.0769,,,-14.8111,-6.2387,1.4141,-5.3603,,,,,,-7.1515,-0.028021,,-1.5259,0.34076,0.084797,,,-9.4752,,,,-1.7476,-92.919,,,-0.21674,,,-3.0581,-9.3939,,-7.3836,,1.1837,3.2984,,-4.4048,-2.2616,,-17.8667,,,,-9.242,,-9.0188,-26.7343,,6.1102,,-4.0022,-14.6806,-33.0682,13.4757,-0.44618,20.0079,,-0.71944,366.0139,-0.086886,,,,,,,,,-29.2032,-3.4376,,,,-113.5431,-3.7487,-3.9796,,,107.1812,-42.0997,-11.1301,-19.597,,,,-25.8364,-120.9015,,10.478,-4.309,-7.9236,2.8365,,0.0082118,,22.3901,7.5316,-44.4204,,,,-1.9244,56.4004,-36.4021,-174.5402,-325.0312,-3.0249,,,44.4168,48.3181,,,,-4.0518,-1.2957
2016,,-1.2937,,,,,,-0.38799,-0.81075,,19.7533,-21.5158,1.2287,,11.7261,-44.8229,,-8.1234,-107.5525,,-2.3697,,,-0.94711,,,-7.276,0.74493,,1.4784,4.8676,0.013371,,-14.9993,-1.0154,6.9706,,,,,-4.5799,1076.0657,-16.1678,,,,-6.1066,-5.0306,,,-1.5154,-1.2822,-2.7493,,-18.0108,,,-9.296,-1.5571,-26.2435,-2.7652,,,0.32458,1.4062,,,,-11.9594,-119.476,,,,,-3.143,-112.1827,-7.9477,,-4.515,,,,2.9991,-2.7165,,,,1.9652,-79.3458,-13.6087,,350.4701,-0.51775,113.1528,,-4.5142,-26.6542,-105.8037,0.97049,-122.8783,-13.118,73.5219,-12.4213,,,-3.4091,-8.2852,8.7506,-5.2454,,,,,,-8.5484,0.15924,,-1.8136,0.20407,-5.5737,,,-14.0758,,,,-2.0891,-93.1818,,,1.9946,,,-7.6481,-7.0806,,-7.7456,,1.3199,-4.316,,-6.2635,-2.3852,,-8.9357,,,,-4.518,,-8.0918,-34.447,,10.6335,,-3.7585,-13.7692,-44.3057,18.7555,-4.9964,14.9715,,-2.9927,356.8161,-0.044802,,,,,,,,,1.2686,-4.3602,,,,-112.6491,-5.669,-3.5908,,,102.6826,-31.5037,-16.1322,-21.1686,,,,-27.0125,-131.5799,,-0.61329,-7.9215,-5.743,-1.3144,,0.018636,,11.4686,6.7193,-32.1743,,,,-1.9907,43.1291,-31.1068,-183.3253,-312.3981,-2.3399,,,47.721,47.6265,,,,-3.2844,-2.6505
2017,,-0.75939,,,,,,-6.1838,-0.86977,,17.3932,-19.014,1.6878,,11.5282,-47.4338,,-9.3628,-103.7484,,-2.0859,,,-1.0312,,,-5.6444,-9.482,,1.949,5.531,0.12648,,-13.6212,-0.82588,12.0556,,,,,-4.6715,1042.6118,-15.7105,,,,-6.3463,-4.5928,,,-2.1477,-3.7034,-2.7584,,-20.3454,,,-10.1697,-4.5719,-6.9978,-2.8191,,,1.4708,-5.9572,,,,-14.6607,-114.6509,,,,,-2.8566,-117.1956,-7.797,,-3.9486,,,,1.8737,-1.4694,,,,1.9509,-83.394,-16.4973,,313.5272,3.4404,128.5798,,-6.6168,-25.6388,-107.0712,1.1783,-104.7145,-8.1291,78.3274,-11.3261,,,-0.62305,-7.963,5.6349,-6.7333,,,,,,-9.0275,0.34519,,-1.9176,0.27184,-1.9036,,,-11.4235,,,,-2.4272,-96.383,,,3.9695,,,-5.6358,-5.7083,,-5.6858,,1.6071,-3.4342,,-5.0189,-2.1348,,-6.0716,,,,-4.9237,,-9.0455,-31.6185,,-10.0396,,-4.481,-13.5834,-43.4469,19.1666,-4.2949,27.2878,,-3.9969,357.5132,-0.72208,,,,,,,,,20.6895,-4.3782,,,,-119.3934,-3.3456,-4.7859,,,92.5682,-47.2785,-20.8019,-20.9698,,,,-28.6336,-97.0375,,-3.0143,-7.0566,-4.8417,-6.949,,0.12811,,15.5013,7.3965,-30.8589,,,,-2.1981,23.6129,-42.147,-170.9691,-330.7131,-2.9941,,,45.7306,55.6866,,,,-2.6525,-1.2215
2018,,-1.069,,,,,,-1.2111,-2.5553,,28.3997,-21.9134,-0.66433,,10.5957,-52.6782,,-11.1295,-111.6576,,-1.7385,,,-0.74996,,,-5.6166,-7.7543,,0.78772,2.3981,0.29589,,-15.8077,0.162,18.4713,,,,,-8.3175,903.3584,-15.5379,,,,-6.7543,-7.0246,,,-2.1145,-8.986,-3.9927,,-22.2703,,,-9.8916,-6.3367,-10.3537,-3.4396,,,-0.72864,-4.4347,,,,-15.7303,-132.9669,,,,,-4.3726,-133.3696,-6.4072,,-9.6329,,,,-5.6739,-2.0035,,,,1.7353,-81.6748,-17.3174,,356.1637,0.53601,138.3031,,-7.4013,-30.5953,-117.762,-0.22851,-135.7274,-8.4942,101.8401,-12.1934,,,-2.5603,-8.8242,6.5656,-8.019,,,,,,-10.4651,0.82219,,-1.6722,-0.96869,-3.3174,,,-15.3724,,,,-2.8446,-102.779,,,4.536,,,-6.1991,-5.4853,,-5.5534,,-22.7433,-7.2132,,-5.8863,-2.0174,,-7.0989,,,,-4.1888,,-7.1653,-29.4487,,-9.9841,,-4.6959,-14.5618,-44.7277,6.9488,-6.0643,26.6541,,-8.2574,459.1096,-1.2081,,,,,,,,,36.1949,-5.185,,,,-126.3822,-4.5697,-5.9914,,,98.3965,-79.062,-30.5956,-22.4956,,,,-29.2205,-90.2221,,-3.5089,-3.8009,-5.9332,-17.2099,,-5.8449,,17.393,0.16893,-24.4847,,,,-2.191,18.6163,-43.1524,-165.5171,-323.301,-3.155,,,93.9964,66.5212,,,,-1.9753,-1.1419
2019,,-1.0802,,,,,,7.7234,-1.8856,,31.2783,-18.6599,0.054864,,13.7595,-53.7885,,-10.0459,-104.6826,,-1.6618,,,-0.8786,,,-6.23,-9.2618,,1.3711,2.2618,0.5262,,-16.9299,0.30477,29.8664,,,,,-5.9907,946.4307,-13.4878,,,,-6.6914,-6.2479,,,-1.931,-9.911,-3.8668,,-22.0736,,,-8.8968,-6.398,-12.3104,-2.9412,,,-2.9669,-4.3367,,,,-14.1416,-126.322,,,,,-3.4741,-137.7533,-5.4456,,-9.5775,,,,-5.3485,-2.0198,,,,1.8957,-81.8092,-15.9165,,343.8814,0.83938,112.5626,,-9.0285,-29.4725,-110.8723,0.32636,-143.6181,-8.0928,84.7894,-12.0413,,,-3.4764,-8.4518,4.9141,-7.4397,,,,,,-8.7763,1.2862,,-1.613,-1.0155,2.4411,,,-14.2183,,,,-2.8025,-94.6808,,,5.5418,,,-3.9342,-5.8533,,-5.614,,-22.0328,-9.9113,,-5.3341,-1.8248,,-4.4346,,,,-5.4312,,-6.5547,-28.5474,,-6.3,,-4.897,-14.0688,-43.7855,7.7891,-6.4692,23.5269,,-8.4556,418.1343,-1.2872,,,,,,,,,36.1415,-4.4628,,,,-126.6589,-4.9536,-5.9827,,,103.2467,-89.444,-33.4179,-22.0607,,,,-26.2266,-87.1866,,-12.5391,-3.1687,-5.0701,-21.7934,,-5.6284,,15.0016,0.51757,-12.2627,,,,-2.0091,12.818,-32.6576,-159.9808,-344.1646,-3.1267,,,62.4394,94.4489,,,,-2.2958,-1.3599
2020,,-1.1084,,,,,,4.5399,-1.7548,,24.2148,-16.624,-1.7332,,13.436,-52.9041,,-7.3301,-91.0845,,-1.921,,,-1.6215,,,-6.4548,10.846,,2.0022,0.29245,0.83891,,-16.2661,-0.21226,21.2799,,,,,-2.9329,1097.6031,-13.1938,,,,-5.5526,-6.1291,,,-1.3018,-10.1303,-3.3481,,-20.0533,,,-7.8768,-5.1222,-13.6466,-2.8974,,,-3.7343,-4.219,,,,-13.4133,-117.4423,,,,,-3.8399,-130.4471,-4.7997,,-13.0068,,,,-4.7902,-1.5241,,,,1.6227,-86.3525,-13.3685,,337.5999,-6.5256,93.6344,,-4.7382,-25.243,-99.6369,-1.0364,-146.4946,-8.3189,63.2767,-11.2479,,,-7.5919,-7.8927,4.1923,-6.4246,,,,,,-7.0367,0.81097,,-1.7997,-1.065,-0.80138,,,-11.9491,,,,-2.875,-73.114,,,4.9348,,,-3.1975,-5.8316,,-5.3509,,-20.4019,-9.878,,-7.1998,-1.4573,,-12.279,,,,-5.3734,,-6.9066,-25.1103,,-11.7568,,-4.6085,-14.0352,-44.0363,13.9579,-7.0475,22.3811,,-7.0356,353.2965,-1.1143,,,,,,,,,4.7158,-4.7809,,,,-108.9034,-4.7595,-5.5542,,,99.9594,-84.4035,-40.0996,-21.4408,,,,-23.4978,-75.463,,-5.7193,-2.1321,-5.4899,-28.1544,,-4.7889,,9.3341,-0.087246,-4.8699,,,,-1.9112,12.5945,-6.5125,-143.6289,-413.1305,-2.898,,,8.9816,102.7061,,,,0.11439,-1.9911
2021,,-1.061,,,,,,7.9215,-1.9208,,25.3372,-19.7475,-0.41657,,15.9905,-59.3802,,-9.4371,-106.8942,,-2.2694,,,-1.1861,,,-6.7788,23.2132,,3.7894,1.4333,0.95888,,-15.9185,-0.4659,13.5395,,,,,-7.4715,1196.4115,-13.2121,,,,-6.3453,-6.3271,,,-1.6567,-14.148,-3.5809,,-24.0078,,,-8.7796,-5.6476,-24.531,-3.1664,,,-3.9167,-4.8636,,,,-16.9771,-132.9214,,,,,-4.6887,-156.076,-6.1377,,-14.0466,,,,-5.2007,-1.7775,,,,1.8427,-99.1292,-17.0776,,423.749,5.452,116.8962,,-4.5278,-31.4937,-115.8783,-0.89862,-161.3245,-9.4519,53.5709,-12.9517,,,-8.2486,-8.6732,9.3207,-7.7372,,,,,,-8.7896,0.4157,,-1.9493,-1.2584,-0.79988,,,-14.6383,,,,-3.3748,-92.2817,,,2.4149,,,-4.1158,-6.0661,,-6.2026,,-25.7076,-19.4029,,-9.1665,-1.6829,,-9.3507,,,,-1.1722,,-6.1762,-29.4489,,-9.4787,,-5.61,-12.8299,-51.484,16.5487,-10.1076,29.9358,,-8.4477,436.3834,-1.2807,,,,,,,,,26.1095,-5.1585,,,,-126.9542,-4.6354,-7.1057,,,111.4241,-101.5174,-46.4491,-24.9192,,,,-27.6117,-84.8862,,-7.7527,-1.8913,-6.2858,-42.2024,,-5.7366,,15.6736,0.0001468,9.3804,,,,-2.3359,7.6301,-27.4125,-175.2485,-469.5514,-2.7188,,,14.1952,91.8756,,,,-0.54646,-2.1365
2022,,-1.1881,,,,,,-0.077622,-1.026,,18.9988,-21.7014,3.4193,,19.0004,-64.0247,,-11.2074,-118.1833,,-2.5043,,,-0.58959,,,-6.6762,14.8158,,4.381,4.6846,0.76938,,-17.1861,-0.21372,17.3983,,,,,-6.6413,1284.774,-14.4386,,,,-6.6451,-6.2814,,,-1.8118,-16.3728,-3.7323,,-23.5279,,,-9.6549,-5.0297,-17.7903,-3.0937,,,-2.6722,-5.3704,,,,-16.4276,-142.1455,,,,,-3.9164,-170.9702,-6.2024,,-13.7263,,,,-5.9012,-2.3389,,,,2.0441,-114.476,-17.3757,,491.1402,48.7933,134.9114,,-6.237,-32.4684,-121.6867,-0.53175,-171.8245,-9.4745,86.8071,-13.9844,,,0.052324,-9.3492,14.134,-7.6656,,,,,,-9.2069,-0.71795,,-1.9815,-1.3952,-1.9148,,,-14.3445,,,,-3.4113,-103.7743,,,3.9577,,,-1.6062,-5.5267,,-6.3488,,-28.5905,-29.8761,,-10.6022,-1.8678,,-8.1573,,,,5.9433,,-3.1972,-33.3747,,-7.8081,,-6.1468,-13.96,-54.0911,15.3325,-10.1478,39.6388,,-10.3701,396.0514,-1.443,,,,,,,,,39.1798,-4.928,,,,-146.6442,-6.1019,-7.8915,,,110.4589,-115.7924,-44.3741,-27.4768,,,,-29.9971,-92.7182,,-21.8368,-3.2514,-6.0969,-46.974,,-6.1467,,20.6588,0.72827,1.2223,,,,-2.8976,-25.0864,-45.5501,-191.6524,-510.5858,-3.1848,,,18.7299,94.7559,,,,-0.78898,-1.3801
2023,,-0.96468,,,,,,-7.2591,-0.24362,,12.1647,-19.5596,1.9097,,16.723,-63.3324,,-6.8118,-111.902,,-2.5059,,,-1.0079,,,-7.2603,14.0032,,3.6263,-0.80894,0.50724,,-17.6526,-0.68896,25.536,,,,,-10.5523,1314.9844,-14.4726,,,,-6.2192,-5.2436,,,-1.4363,-16.7933,-3.8122,,-20.6402,,,-8.6098,-4.2981,-3.1978,-2.5855,,,-3.8408,-5.6758,,,,-15.663,-137.102,,,,,-3.4438,-174.7151,-6.2374,,-15.2024,,,,-5.7134,-2.5236,,,,1.9461,-111.2067,-16.3839,,519.5409,34.1908,121.0958,,-7.2659,-32.9378,-116.7172,-0.26538,-155.3893,-8.6973,73.5179,-13.7943,,,0.82303,-8.0488,9.3322,-6.772,,,,,,-8.0098,-0.49125,,-1.9726,-1.3803,-10.2114,,,-12.5284,,,,-3.3256,-106.7153,,,7.579,,,-0.95234,-5.3346,,-6.2028,,-28.9315,-33.132,,-9.8361,-1.7449,,-3.9078,,,,-0.10088,,-3.5492,-33.2451,,-6.515,,-5.4793,-12.8194,-50.6121,9.3877,-9.8379,37.3162,,-10.3854,327.153,-1.5012,,,,,,,,,23.3377,-4.9508,,,,-135.8581,-4.2687,-7.7231,,,111.2229,-119.686,-45.1547,-27.2732,,,,-25.013,-86.3521,,-27.675,-2.7565,-5.4779,-40.8335,,-5.9763,,13.1839,1.5589,3.914,,,,-2.5658,-26.9802,-37.6432,-179.2736,-513.2522,-3.1549,,,19.0722,99.6113,,,,-0.87445,-1.8762
2024,,,,,,,,,,,,,,,,,,,,,,,,,,,,,,,,,,,,,,,,,,,,,,,,,,,,,,,,,,,,,,,,,,,,,,,,,,,,,,,,,,,,,,,,,,,,,,,,,,,,,,,,,,,,,,,,,,,,,,,,,,,,,,,,,,,,,,,,,,,,,,,,,,,,,,,,,,,,,,,,,,,,,,,,,,,,,,,,,,,,,,,,,,,,,,,,,,,,,,,,,,,,,,,,,,,,,,,,,,,,,
,,,,,,,,,,,,,,,,,,,,,,,,,,,,,,,,,,,,,,,,,,,,,,,,,,,,,,,,,,,,,,,,,,,,,,,,,,,,,,,,,,,,,,,,,,,,,,,,,,,,,,,,,,,,,,,,,,,,,,,,,,,,,,,,,,,,,,,,,,,,,,,,,,,,,,,,,,,,,,,,,,,,,,,,,,,,,,,,,,,,,,,,,,,,,,,,,,,,,,,,,,,,,,,,,,,,,,,,,,,,,
SOURCES,,,,,,,,,,,,,,,,,,,,,,,,,,,,,,,,,,,,,,,,,,,,,,,,,,,,,,,,,,,,,,,,,,,,,,,,,,,,,,,,,,,,,,,,,,,,,,,,,,,,,,,,,,,,,,,,,,,,,,,,,,,,,,,,,,,,,,,,,,,,,,,,,,,,,,,,,,,,,,,,,,,,,,,,,,,,,,,,,,,,,,,,,,,,,,,,,,,,,,,,,,,,,,,,,,,,,,,,,,,,,
Transfer,"<b>For sources and methods, see Andrew and Peters (2023), Friedlingstein et al. (2025), and Peters et al. (2011).</b><br /><br /><br />Friedlingstein, P., O'Sullivan, M., Jones, M. W., Andrew, R. M., Bakker, D. C. E., Hauck, J., Landschützer, P., Le Quéré, C., Luijkx, I. T., Peters, G. P., Peters, W., Pongratz, J., Schwingshackl, C., Sitch, S., Canadell, J. G., Ciais, P., Jackson, R. B., Alin, S. R., Anthoni, P., Barbero, L., Bates, N. R., Becker, M., Bellouin, N., Decharme, B., Bopp, L., Brasika, I. B. M., Cadule, P., Chamberlain, M. A., Chandra, N., Chau, T.-T.-T., Chevallier, F., Chini, L. P., Cronin, M., Dou, X., Enyo, K., Evans, W., Falk, S., Feely, R. A., Feng, L., Ford, D. J., Gasser, T., Ghattas, J., Gkritzalis, T., Grassi, G., Gregor, L., Gruber, N., Gürses, Ö., Harris, I., Hefner, M., Heinke, J., Houghton, R. A., Hurtt, G. C., Iida, Y., Ilyina, T., Jacobson, A. R., Jain, A., Jarníková, T., Jersild, A., Jiang, F., Jin, Z., Joos, F., Kato, E., Keeling, R. F., Kennedy, D., Klein Goldewijk, K., Knauer, J., Korsbakken, J. I., Körtzinger, A., Lan, X., Lefèvre, N., Li, H., Liu, J., Liu, Z., Ma, L., Marland, G., Mayot, N., McGuire, P. C., McKinley, G. A., Meyer, G., Morgan, E. J., Munro, D. R., Nakaoka, S.-I., Niwa, Y., O'Brien, K. M., Olsen, A., Omar, A. M., Ono, T., Paulsen, M. E., Pierrot, D., Pocock, K., Poulter, B., Powis, C. M., Rehder, G., Resplandy, L., Robertson, E., Rödenbeck, C., Rosan, T. M., Schwinger, J., Séférian, R., Smallman, T. L., Smith, S. M., Sospedra-Alfonso, R., Sun, Q., Sutton, A. J., Sweeney, C., Takao, S., Tans, P. P., Tian, H., Tilbrook, B., Tsujino, H., Tubiello, F., van der Werf, G. R., van Ooijen, E., Wanninkhof, R., Watanabe, M., Wimart-Rousseau, C., Yang, D., Yang, X., Yuan, W., Yue, X., Zaehle, S., Zeng, J., and Zheng, B.: Global Carbon Budget 205, Earth Syst. Sci. Data. , 2025.<br /> Available at: <a href=""https://doi.org/10.5194/essd-2023-409"" target=""_blank""> https://doi.org/10.5194/essd-2023-409</a><br /><br />Andrew, R.M. and Peters, G.P. (2023): The Global Carbon Project's fossil CO<sub>2</sub> emissions dataset. Available at: <a href=""https://zenodo.org/doi/10.5281/zenodo.5569234"" target=""_blank"">Andrew and Peters, 2023.</a><br /><br />Peters, G.P., Minx, J.C., Weber, C.L., and O. Edenhofer (2011), Growth in emission transfers via international trade from 1990 to 2008. Proceedings of the National Academy of Sciences (PNAS), 108(21), 8903-8908, Available at: <a href=""https://doi.org/10.1073/pnas.1006388108"" target=""_blank"">Peters et al., 2011.</a><br /><br />The use of data is conditional on citing the original data sources. <br /><br />Data for years 2021 and 2022 are preliminary.<br /><br />",,,,,,,,,,,,,,,,,,,,,,,,,,,,,,,,,,,,,,,,,,,,,,,,,,,,,,,,,,,,,,,,,,,,,,,,,,,,,,,,,,,,,,,,,,,,,,,,,,,,,,,,,,,,,,,,,,,,,,,,,,,,,,,,,,,,,,,,,,,,,,,,,,,,,,,,,,,,,,,,,,,,,,,,,,,,,,,,,,,,,,,,,,,,,,,,,,,,,,,,,,,,,,,,,,,,,,,,,,,,
