Peat emissions emissions in TgC/year,,,,,,,,,,,,,,,,,,,,,,,,,,,,,,,,,,,,,,,,,,,,,,,,,,,,,,,,,,,,,,,,,,,,,,,,,,,,,,,,,,,,,,,,,,,,,,,,,,,,,,,,,,,,,,,,,,,,,,,,,,,,,,,,,,,,,,,,,,,,,,,,,,,,,,,,,,,,,,,,,,,,,,,,,,,,,,,,,,,,,,,,,,,,,,,,,,
,Afghanistan,Albania,Algeria,Andorra,Angola,Antigua and Barbuda,Argentina,Armenia,Australia,Austria,Azerbaijan,Bahamas,Bahrain,Bangladesh,Barbados,Belarus,Belgium,Belize,Benin,Bhutan,Bolivia,Bosnia and Herzegovina,Botswana,Brazil,Brunei Darussalam,Bulgaria,Burkina Faso,Burundi,Cambodia,Cameroon,Canada,Cape Verde,Central African Republic,Chad,Chile,China,Colombia,Comoros,Congo,Cook Islands,Costa Rica,Croatia,Cuba,Cyprus,Czech Republic,Côte d'Ivoire,Democratic Republic of the Congo,Denmark,Djibouti,Dominica,Dominican Republic,Ecuador,Egypt,El Salvador,Equatorial Guinea,Eritrea,Estonia,Ethiopia,Fiji,Finland,France,Gabon,Gambia,Georgia,Germany,Ghana,Greece,Grenada,Guatemala,Guinea,Guinea-Bissau,Guyana,Haiti,Honduras,Hungary,Iceland,India,Indonesia,Iran,Iraq,Ireland,Israel,Italy,Jamaica,Japan,Jordan,Kazakhstan,Kenya,Kiribati,Kuwait,Kyrgyzstan,Laos,Latvia,Lebanon,Lesotho,Liberia,Libya,Liechtenstein,Lithuania,Luxembourg,Madagascar,Malawi,Malaysia,Maldives,Mali,Malta,Marshall Islands,Mauritania,Mauritius,Mexico,Micronesia (Federated States of),Moldova,Mongolia,Montenegro,Morocco,Mozambique,Myanmar,Namibia,Nauru,Nepal,Netherlands,New Zealand,Nicaragua,Niger,Nigeria,Niue,North Korea,North Macedonia,Norway,Occupied Palestinian Territory,Oman,Pakistan,Palau,Panama,Papua New Guinea,Paraguay,Peru,Philippines,Poland,Portugal,Qatar,Republic of South Sudan,Romania,Russian Federation,Rwanda,Saint Kitts and Nevis,Saint Lucia,Saint Vincent and the Grenadines,Samoa,Sao Tome and Principe,Saudi Arabia,Senegal,Serbia,Seychelles,Sierra Leone,Singapore,Slovakia,Slovenia,Solomon Islands,Somalia,South Africa,South Korea,Spain,Sri Lanka,Sudan,Suriname,Swaziland,Sweden,Switzerland,Syria,Tajikistan,Tanzania,Thailand,Timor-Leste,Togo,Tonga,Trinidad and Tobago,Tunisia,Turkey,Turkmenistan,Tuvalu,Uganda,Ukraine,United Arab Emirates,United Kingdom,United States of America,Uruguay,Uzbekistan,Vanuatu,Venezuela,Vietnam,Yemen,Zambia,Zimbabwe
1960,0,0.08888,0,0.00049,0.25486,0,0.67177,0.00002,0.45067,0.08507,0.00111,-0.00001,0,2.25795,0.00001,4.36422,0.21714,0.02063,0,0.34728,0.01416,0.47798,0.06702,5.28672,-0.01953,0.18341,0,0.3147,-0.00075,0.88132,10.47444,0,0.00437,0,0.48396,7.65486,8.56867,0,0.50488,0,0.06454,0.51381,0.00155,0,0.13433,0.27004,1.51339,0.71327,0.00468,0.00012,0.00467,5.32224,0,0.0119,0.25385,0.00103,0.4269,0.74216,0.10408,1.40227,1.15759,0.36907,0,0.08284,2.95453,0.01455,0.13592,0,0.09788,0.08095,0.00915,0.30929,0.02736,0.07294,0.8245,0.06712,1.29756,0.9949,0,0,2.15041,0,2.32363,0.03229,8.15884,0,0.18259,0.02867,0,0,0,-0.00009,0.45431,0,0.0018,0.01023,0,0.00009,1.14405,0.00724,1.48052,0.0841,0.7022,0,0,0,0,0,0.00142,0.12128,0,0.02998,2.33143,0.12274,0,0.04721,1.92249,0.00817,0,0.27708,1.10379,0.21103,0.03,0,0.00828,0,0.27335,0.02931,0.55976,0,0,0.01948,0,0.20833,0.08863,0.06621,2.28767,-1.65963,3.23582,0.06866,0,1.23731,0.28305,75.88752,0.21177,0,0.00008,0,0,0.00933,0,0,0.22129,0,0.00903,0.01017,0.12459,0.12075,-0.00913,0,0.04982,0.0907,0.09545,0.17751,0.01314,0.0324,0.00087,0.76177,0.11756,0,0,0.70119,0.14819,0,0,0,0.00006,0,0.0048,0,0,0.7693,3.46177,0,4.64583,14.91339,0.03519,0,0.00642,0.74558,0.53128,0,1.86061,0.00062
1961,0,0.09417,0,0.00045,0.13617,0.00004,0.63509,0.00002,0.49509,0.10329,0.00113,0.00005,0,2.27634,0.00014,4.44561,0.17982,0.02301,0,0.67793,-0.0007,0.5137,0.06702,4.90497,0.04874,0.17128,0,0.3147,0.01068,1.03114,11.90542,0,0.00407,0,0.33183,28.47568,9.0015,0,0.30158,0,0.47097,0.57907,0.00225,0,0.09816,0.27111,0.10088,0.68974,0.00468,0.00155,0.01164,0.01633,0,0.02397,0.29193,0.00103,0.42796,0.74216,0.21235,1.35175,1.2094,0.4595,0,0.09143,2.89635,0.01455,0.13643,0.00003,0.19265,0.08095,0.00915,0.26416,0.04404,0.11877,0.82458,0.06722,1.6525,8.19753,0,0,2.2574,0,3.23005,0.04515,6.8776,0,0.19377,0.02867,0,0,0,0.00545,0.44591,0,0.0018,0.01124,0,0.00012,1.14599,0.00676,0.64526,0.08354,3.99896,0,0,0,0,0,0.00017,0.01451,0,0.02607,2.69006,0.135,0,0.01855,1.93827,0.00817,0,0.29779,1.00066,0.59327,0.1454,0,0.00439,0,0.59344,0.02973,0.51347,0,0,0.02065,0,1.04131,1.52273,0.03312,0.46,1.70125,3.15459,0.07178,0,1.23701,0.21652,80.5712,0.21176,0,0.00104,0.00005,0,0.00789,0,0,0.2622,0,0.00903,0.00802,0.12315,0.14754,-0.00196,0,0.04982,0.18901,0.09911,0.17757,0.01314,0.03282,0.00087,0.69862,0.12606,0,0,0.69933,0.26739,0,0,0,0,0,0.00641,0,0,0.7693,3.43542,0,4.86228,14.61129,0.02538,0,0.00477,0.6606,0.53829,0,1.85313,0.00062
1962,0,0.09318,0,0.00037,0.1413,0.00001,0.65045,0,0.28577,0.09071,-0.00002,0.00005,0,2.25336,0.00002,4.20003,0.17326,0.02266,0,0.26006,0.00343,0.49135,0.06702,4.72423,0.02899,0.18261,0,0.31472,0.01536,-0.37676,4.96849,0,0.0042,0,0.57561,22.25815,5.53137,0,0.33914,0,0.40859,0.57031,0.00133,0,0.07774,0.2706,0.10825,0.60738,0.00468,0.00026,0.01623,0.85713,0,0.02497,-0.13718,0.00103,0.39449,0.74216,0.12671,1.27,1.01334,-0.04042,0,0.09304,2.82455,0.01455,0.13484,0.00001,0.19956,0.08095,0.00915,0.23575,0.01786,0.11095,0.82971,0.06734,1.24111,7.81617,0,0,2.19206,0,3.06922,0.06033,7.22097,0,0.11451,0.02867,0,0,0,0.00504,0.41162,0,0.0018,0.01075,0,0.00013,1.09087,0.00635,0.67512,0.08355,5.60715,0.00037,0,0,0,0,0.00046,0.04276,0,0.02654,2.05826,0.132,0,0.02003,1.93929,0.00817,0,0.2822,0.99785,0.64173,0.30396,0,0.00337,0,0.5025,0.02775,0.51556,0,0,0.02957,0,0.92555,1.04849,0.03668,0.99096,0.85231,3.01444,0.07317,0,1.237,0.22067,23.3052,0.21178,0,0.00018,0.00001,0,0.00299,0,0,0.20683,0,0.00903,0.00955,0.10114,0.14598,0.01242,0,0.04982,0.34354,0.08184,0.21393,0.01314,0.03233,0.00087,0.66487,0.12962,0,0,0.69958,0.34901,0,0,0,0.00003,0,0.00772,0,0,0.7693,3.15202,0,4.71525,18.50409,0.02505,0,0.00466,0.42175,0.53869,0,1.85308,0.00062
1963,0,0.08082,0,0.00034,0.12192,0.00006,0.65152,-0.00001,0.63882,0.09252,-0.0004,0.00005,0,2.26206,0.00025,4.27638,0.14823,0.02106,0,0.4091,0.00171,0.45697,0.06702,5.52498,0.05418,0.16963,0,0.3147,0.01003,-0.43142,6.16416,0,0.00393,0,0.5132,25.41363,4.31057,0,0.37119,0,1.63033,0.5158,0.00088,0,0.08094,0.27074,0.30894,0.60175,0.00468,0.0028,0.0073,0.78625,0,0.02032,-0.17606,0.00103,0.41548,0.74216,0.07863,1.26819,0.93649,-0.10344,0,0.05249,2.84157,0.01455,0.13122,0.00006,0.16805,0.08095,0.00915,0.08586,0.01119,0.03095,0.71461,0.06737,1.41118,5.74658,0,0,2.10656,0,2.1592,0.02504,6.97667,0,0.11693,0.02867,0,0,0,0.00084,0.45209,0,0.0018,0.0109,0,0.0001,1.13269,0.00556,0.6886,0.08353,3.29703,0,0,0,0,0,0.00173,0.0125,0,0.02227,2.26775,0.11001,0,0.01835,1.95893,0.00817,0,0.28355,0.94393,1.0727,0.38078,0,0.00261,0,0.59541,0.02227,0.51863,0,0,0.02488,0,0.98552,0.22043,0.0386,0.2682,6.94861,3.03742,0.06515,0,1.23701,0.15783,35.23308,0.21177,0,0.00188,0.00009,0,-0.00116,0,0,0.19112,0,0.00903,0.00554,0.09633,0.12471,0.02153,0,0.04982,0.9425,0.0784,0.17756,0.01314,0.03375,0.00087,0.65627,0.11793,0,0,0.69934,0.2604,0,0,0,0,0,0.00443,0,0,0.76931,3.17236,0,4.57167,18.02955,0.02669,0,0.00535,0.32591,0.53898,0,1.85303,0.00062
1964,0,0.08401,0,0.00031,0.13951,0,0.65095,0.00001,0.80189,0.07871,0.0005,0.00005,0,2.27372,0.00001,4.22992,0.17844,0.02054,0,0.63374,0.00031,0.40346,0.06702,5.53429,0.08311,0.16378,0,0.31471,0.00969,1.02018,8.30122,0,0.00425,0,0.84142,16.5243,8.84406,0,0.43971,0,1.83799,0.48154,0.00018,0,0.07521,0.27054,0.60935,0.67626,0.00468,0.00016,0.02531,1.84273,0,0.01262,0.27919,0.00103,0.408,0.74216,-0.00396,1.2358,1.04168,0.4424,0,0.07799,2.90423,0.01455,0.13226,0,0.09609,0.08095,0.00915,0.25587,-0.0041,0.14086,0.72203,0.0674,1.61906,10.24104,0,0,2.07843,0,2.60859,0.00654,6.50717,0,0.11152,0.02867,0,0,0,0.0042,0.43593,0,0.0018,0.01072,0,0.00011,1.13169,0.00686,0.70155,0.08356,8.46713,0,0,0,0,0,-0.00111,0.00331,0,0.02984,2.12202,0.10797,0,0.01926,1.92594,0.00817,0,0.29327,1.00026,0.21142,0.50904,0,0.00405,0,0.44517,0.02341,0.50921,0,0,0.02781,0,1.53763,2.09695,0.0377,0.44008,-0.70315,3.03361,0.07039,0,1.23701,0.24069,24.28066,0.21177,0,0.00011,0.00001,0,0.00614,0,0,0.13404,0,0.00903,0.01227,0.08679,0.12867,0.02127,0,0.04982,1.18497,0.08686,0.17784,0.01314,0.03248,0.00087,0.66773,0.12263,0,0,0.69934,0.35812,0,0,0,0,0,0.00668,0,0,0.7693,3.03358,0,4.73771,18.50927,0.02557,0,0.10198,0.60231,0.5368,0,1.85317,0.00062
1965,0,0.08625,0,0.00039,0.13559,0.00009,0.6533,0.00001,0.51157,0.05161,0.00074,0.00005,0,2.27106,0.00035,4.09501,0.12427,0.0232,0,0.56758,-0.0007,0.37794,0.06702,5.43032,0.00619,0.16387,0,0.31471,0.00836,0.56983,13.50862,0,0.00411,0,0.61415,26.72022,1.50531,0,0.30663,0,2.19337,0.42127,0.00067,0,0.08225,0.27059,-0.18485,0.6035,0.00468,0.00401,0.0063,0.36059,0,0.02311,0.12169,0.00103,0.41627,0.74216,0.01328,1.25206,0.9572,0.27305,0,0.05827,2.78955,0.01455,0.13449,0.00009,0.17458,0.08095,0.00915,0.37825,0.00628,0.22481,0.65691,0.06743,1.54678,6.5358,0,0,1.98213,0,2.161,0.02163,6.11994,0,0.12118,0.02867,0,0,0,0.00504,0.45985,0,0.0018,0.01075,0,0.00009,1.09363,0.00443,0.67554,0.08353,1.19809,0,0,0,0,0,0.00041,0.00425,0,0.02311,1.87404,0.10309,0,0.01822,1.97258,0.00817,0,0.2912,0.90148,0.77338,0.74134,0,0.00207,0,0.55303,0.02656,0.51286,0,0,0.01995,0,1.36407,-0.53082,0.03908,0.08675,0.07833,3.02794,0.07377,0,1.237,0.15126,23.54606,0.21177,0,0.00268,0.00013,0,0.00118,0,0,0.12341,0,0.00903,0.0019,0.08237,0.10219,0.00473,0,0.04982,0.7665,0.09702,0.17753,0.01314,0.0322,0.00087,0.64943,0.1148,0,0,0.69935,0.2081,0,0,0,0,0,0.00294,0,0,0.7693,2.87229,0,4.48954,18.65506,0.02741,0,0.00594,0.24767,0.53804,0,1.8538,0.00062
1966,0,0.09203,0,0.00031,0.15354,0.0001,0.6522,0.00001,0.45536,0.07993,0.00092,0.00005,0,2.28098,0.00038,4.25498,0.12164,0.02489,0,0.76344,-0.00116,0.37421,0.06702,5.83555,0.04475,0.16763,0,0.31471,0.00839,0.7516,6.31046,0,0.00427,0,0.42119,14.61755,1.1019,0,0.35607,0,0.13102,0.43125,0.00028,0,0.08514,0.27053,0.4984,0.58015,0.00468,0.00428,0.00145,-1.63165,0,0.03084,0.1736,0.00103,0.3979,0.74216,0.00161,1.21366,1.01738,0.27852,0,0.06779,2.80494,0.01455,0.13753,0.00009,0.24713,0.08095,0.00915,0.54878,-0.00155,0.1295,0.65761,0.06753,1.69435,5.47714,0,0,1.95086,0,2.28848,0.00689,4.61633,0,0.10151,0.02867,0,0,0,0.00435,0.42108,0,0.0018,0.01074,0,0.00009,1.08362,0.00448,0.63727,0.08352,2.96654,0,0,0,0,0,-0.00098,0.00372,0,0.02196,2.17832,0.09756,0,0.01848,1.9327,0.00817,0,0.29851,0.89272,0.55439,0.01675,0,0.00118,0,0.41802,0.03113,0.50993,0,0,0.0317,0,0.25302,1.30708,0.03614,0.12461,6.74829,3.03004,0.06442,0,1.23701,0.15193,11.93559,0.21178,0,0.00287,0.00014,0,0.00134,0,0,0.13971,0,0.00903,0.00594,0.08798,0.11552,0.00658,0,0.04982,0.5413,0.093,0.1776,0.01314,0.03234,0.00087,0.66524,0.11577,0,0,0.69934,0.20954,0,0,0,0,0,0.00496,0,0,0.76931,2.99822,0,4.38899,19.55992,0.02641,0,0.00668,0.45042,0.53855,0,1.85304,0.00062
1967,0,0.08244,0,0.00038,0.14779,0,0.65146,0,0.78397,0.09511,-0.00021,0.00003,0,2.27125,0.00001,4.2151,0.17222,0.02196,0,0.58986,-0.00024,0.38288,0.06702,6.1761,0.05342,0.15055,0,0.31471,0.00541,-0.63803,11.4739,0,0.00417,0,0.22005,7.34406,1.02979,0,0.284,0,2.23691,0.48235,0.00033,0,0.08688,0.2703,0.10328,0.57807,0.00468,0.00015,0.00279,-1.64586,0,0.02486,-0.19996,0.00103,0.42043,0.74216,-0.01752,1.30903,1.03933,-0.12847,0,0.0659,2.84675,0.01455,0.13159,0,0.20902,0.08095,0.00915,0.01205,-0.00096,-0.01401,0.7398,0.06754,1.55466,13.6069,0,0,1.94514,0,2.74383,0.01084,7.01812,0,0.09505,0.02867,0,0,0,0.00481,0.44836,0,0.0018,0.01047,0,0.0001,1.11677,0.00549,0.66576,0.08362,5.78046,0.00001,0,0,0,0,0.00336,0.0004,0,0.02364,2.03852,0.09137,0,0.02256,1.92491,0.00817,0,0.29255,0.9602,0.96131,0.34424,0,0.00369,0,0.23164,0.02218,0.50711,0,0,0.02441,0,1.44977,1.96262,0.03598,0.11492,2.54508,3.03046,0.06635,0,1.23701,0.2282,19.55843,0.21177,0,0.0001,0,0,0.00481,0,0,0.15397,0,0.00903,0.00491,0.10339,0.13465,0.00568,0,0.04982,0.72866,0.09092,0.17828,0.01314,0.0325,0.00087,0.69206,0.11835,0,0,0.69942,0.32203,0,0,0,0,0,0.0065,0,0,0.7693,2.98497,0,4.50164,29.97846,0.02624,0,0.00562,0.05373,0.53464,0,1.85344,0.00062
1968,0,0.08261,0,0.00041,0.1323,0,0.65329,0.00001,0.45378,0.08958,0.00087,0.00012,0,2.26786,0.00001,4.3072,0.129,0.01958,0,0.52834,0.01431,0.3846,0.06702,5.92267,0.04687,0.16491,0,0.31471,0.00346,0.28677,2.31133,0,0.00421,0,0.63985,14.01479,1.65641,0,0.2649,0,2.07102,0.47907,0.00057,0,0.07692,0.27032,0.14603,0.56713,0.00468,0.00012,0.02401,3.27614,0,0.00997,0.05976,0.00103,0.40236,0.74216,0.01002,1.16581,0.85857,0.1537,0,0.06953,2.78487,0.01455,0.13245,0,0.08058,0.08095,0.00915,-0.01464,0.00461,0.05584,0.83272,0.06764,1.48391,12.53869,0,0,1.95295,0,2.22152,0.01901,5.91058,0,0.06395,0.02867,0,0,0,0.0038,0.45093,0,0.0018,0.01055,0,0.00009,1.08516,0.00414,0.66519,0.08361,2.39743,0,0,0,0,0,0.00108,-0.00699,0,0.02467,2.08523,0.08738,0,0.02229,1.92425,0.00817,0,0.28618,0.90236,0.66556,0.27911,0,0.00464,0,0.36583,0.02354,0.51504,0,0,0.02327,0,1.24726,1.10815,0.03644,0.51121,1.56713,3.00383,0.06716,0,1.23701,0.20523,27.99693,0.21178,0,0.00008,0,0,0.00436,0,0,0.13622,0,0.00903,-0.00187,0.09879,0.1291,0.0097,0,0.04982,0.34809,0.07949,0.17812,0.01314,0.03334,0.00087,0.69425,0.11421,0,0,0.69941,0.24684,0,0,0,0,0,0.00567,0,0,0.76931,2.97232,0,4.36775,31.55967,0.02682,0,0.00732,0.02043,0.53538,0,1.85337,0.00062
1969,0,0.07555,0,0.00021,0.13924,0.00003,0.66506,-0.00001,0.69777,0.07645,-0.00081,0.00002,0,2.3194,0.00013,4.17044,0.12749,0.02085,0,0.86269,-0.0012,0.32225,0.06702,6.32284,0.05296,0.1479,0,0.31471,0.0092,0.21158,14.49012,0,0.00415,0,0.29222,37.59411,1.08249,0,0.37973,0,2.08999,0.38741,0.00042,0,0.07318,0.27026,0.3539,0.61417,0.00468,0.0015,0.0014,1.38458,0,0.0143,-0.01049,0.00103,0.40275,0.74216,0.01867,1.24166,0.88609,0.04257,0,0.04219,2.80607,0.01455,0.13075,0.00003,0.11417,0.08095,0.00915,0.43166,0.00058,0.09607,0.61459,0.06754,1.83761,7.94657,0,0,2.03545,0,2.04431,0.01573,5.97574,0,0.0954,0.02867,0,0,0,0.0062,0.44078,0,0.0018,0.01043,0,0.0001,1.09416,0.00465,0.60467,0.0836,6.17925,0,0,0,0,0,0.00021,0.0112,0,0.02094,2.18909,0.07703,0,0.02285,3.40732,0.00817,0,0.35211,0.92469,0.64273,0.33689,0,0.00212,0,0.73004,0.02084,0.51542,0,0,0.02192,0,1.01573,0.43006,0.04063,0.38699,1.38202,2.97457,0.05667,0,1.23701,0.09395,33.2236,0.21178,0,0.001,0.00005,0,-0.00347,0,0,0.09166,0,0.00903,-0.00757,0.08371,0.10284,0.00467,0,0.04982,0.34211,0.0671,0.178,0.01314,0.03285,0.00087,0.74896,0.11562,0,0,0.69966,0.34831,0,0,0,0,0,0.00406,0,0,0.76931,2.69029,0,4.3938,18.95175,0.02645,0,0.09115,0.34435,0.54073,0,1.85379,0.00062
1970,0,0.08047,0,0.00025,0.14083,0.00002,0.62488,0.00001,-0.20411,0.08574,0.00034,0.00003,0,2.27288,0.00009,4.18359,0.13482,0.02668,0,0.6193,0.03029,0.33598,0.06702,4.09097,0.02944,0.14958,0,0.31471,-0.00079,0.3584,9.25617,0,0.0045,0,-0.04578,22.97218,17.1563,0,0.39992,0,0.99002,0.40883,0.00044,0,0.06729,0.27054,0.52956,0.57807,0.00468,0.00103,0.00622,4.07824,0,0.03901,0.061,0.00103,0.41288,0.74216,0.01979,1.10865,0.87846,0.13873,0,0.04275,2.79219,0.01455,0.13183,0.00002,0.31125,0.08095,0.00915,0.57196,0.00108,0.16297,0.62336,0.06764,1.61674,12.89045,0,0,1.90587,0,2.32445,0.01569,6.01815,0,0.12243,0.02867,0,0,0,0.00215,0.43123,0,0.0018,0.01076,0,0.00008,1.06756,0.00418,0.63875,0.08357,6.57026,0,0,0,0,0,0.00005,0.05723,0,0.02137,2.18337,0.08883,0,0.02022,1.92258,0.00817,0,0.29136,0.91329,0.30115,0.29013,0,0.0031,0,0.52598,0.02222,0.50655,0,0,0.03022,0,2.28974,0.63451,0.02162,0.94943,-0.06249,2.92361,0.06193,0,1.23701,0.09672,55.39162,0.21177,0,0.00069,0.00003,0,0.00151,0,0,0.09348,0,0.00903,0.01152,0.07058,0.11393,0.0225,0,0.04982,0.4104,0.0725,0.1781,0.01314,0.03414,0.00087,0.65464,0.11297,0,0,0.69964,0.39362,0,0,0,0.00008,0,0.00371,0,0,0.7693,2.75909,0,4.50959,19.35274,0.02643,0,0.00902,0.93631,0.53529,0,1.85577,0.00062
1971,0,0.07877,0,0.00025,0.13328,0,0.63764,-0.00001,0.59671,0.09448,-0.00067,-0.00001,0,2.28033,0.00001,4.23864,0.15918,0.02531,0,0.75105,0.04321,0.38637,0.06702,5.54312,0.09719,0.14213,0,0.31471,0.02687,0.26173,12.98432,0,0.00413,0,0.04544,7.61811,3.46039,0,0.24123,0,0.22981,0.4645,0.00038,0,0.07454,0.27001,-0.066,0.62231,0.00468,0.00012,0.00966,3.96352,0,0.02982,0.03442,0.00103,0.40503,0.74216,0.18787,1.04842,0.91243,0.16361,0,0.02572,2.85731,0.01455,0.13,0,0.23575,0.08095,0.00915,-0.36195,-0.0011,0.18636,0.6806,0.06765,1.72555,12.03645,0,0,1.97528,0,2.31426,0.01867,5.89937,0,0.08459,0.02867,0,0,0,0.01565,0.46013,0,0.0018,0.01026,0,0.00011,1.1098,0.00548,0.68367,0.08354,9.58552,0,0,0,0,0,-0.00027,0.06874,0,0.02136,1.91342,0.09604,0,0.01894,1.93618,0.00817,0,0.33983,0.96266,3.85348,0.13982,0,0.00314,0,0.11293,0.01953,0.50501,0,0,0.02363,0,1.43214,0.33971,0.02313,1.19241,3.69409,2.9942,0.05703,0,1.23701,0.12028,13.49403,0.21179,0,0.00008,0,0,0.00072,0,0,0.11122,0,0.00903,0.01717,0.08709,0.12077,0.0045,0,0.04982,-0.0014,0.06279,0.17795,0.01314,0.03296,0.00087,0.63731,0.11876,0,0,0.69933,0.6598,0,0,0,0,0,0.00208,0,0,0.76932,2.72016,0,4.50368,19.23676,0.02677,0,0.00794,-0.24852,0.54229,0,1.85264,0.00062
1972,0,0.07793,0,0.00028,0.14449,0,0.62755,0,0.41272,0.07342,-0.00009,0.00009,0,2.28491,0.00001,4.29957,0.15109,0.02833,0,0.83767,0.0016,0.32692,0.06702,4.6619,0.04849,0.1504,0,0.31465,0.0272,0.29183,3.33852,0,0.00437,0,0.45832,33.24646,1.93839,0,0.32225,0,4.96649,0.36036,0.00004,0,0.06146,0.27183,-0.07114,0.57501,0.00468,0.00011,0.01266,2.16148,0,0.04326,0.05941,0.00103,0.39427,0.74216,0.11787,1.17474,0.97294,0.24219,0,0.02866,2.82052,0.01455,0.13328,0,0.3462,0.08096,0.00915,0.23319,-0.00743,0.17513,0.66125,0.06757,1.83156,9.842,0,0,1.83326,0,1.74673,0.00693,5.37853,0,0.04894,0.02867,0,0,0,0.01578,0.4227,0,0.0018,0.012,0,0.0001,1.08437,0.0051,0.67645,0.08357,4.36135,0,0,0,0,0,0.0001,0.06823,0,0.02099,2.09054,0.08741,0,0.02014,1.93157,0.00817,0,0.35296,0.95501,0.83949,0.99466,0,0.00355,0,0.91272,0.02455,0.51869,0,0,0.02941,0,2.80246,2.18863,0.0192,0.50841,3.73629,2.94208,0.05791,0,1.23701,0.13738,14.17703,0.21173,0,0.00007,0,0,0.00359,0,0,0.11337,0,0.00903,0.01517,0.06954,0.08944,0.00288,0,0.04982,0.54121,0.07397,0.17791,0.01314,0.03346,0.00087,0.61269,0.11767,0,0,0.69937,0.34882,0,0,0,0.00024,0,0.00189,0,0,0.7693,2.75082,0,4.50362,19.35357,0.02669,0,0.00678,0.25194,0.54717,0,1.85301,0.00062
1973,0,0.06989,0,0.00018,0.15044,0,0.63238,-0.00001,0.45084,0.07462,-0.00061,0.00004,0,2.29452,0,4.27557,0.13006,0.02879,0,1.012,0.03756,0.34015,0.06702,4.9345,0.01162,0.12954,0,0.31494,0.02857,0.31529,2.25015,0,0.0043,0,0.21084,21.3945,2.88009,0,0.36478,0,0.33276,0.41194,0.00021,0,0.06102,0.27137,0.41383,0.60211,0.00468,0.00006,0.00904,5.72609,0,0.049,0.06203,0.00103,0.40814,0.74216,0.21758,1.1441,0.8823,0.16682,0,0.03321,2.8268,0.01455,0.12874,0,0.39569,0.08096,0.00915,0.19012,-0.00395,0.13103,0.67306,0.06767,1.99595,8.8746,0,0,1.79721,0,1.87552,0.01136,5.27633,0,0.08603,0.02867,0,0,0,0.01512,0.4364,0,0.0018,0.01158,0,0.0001,1.07978,0.00489,0.70954,0.08351,4.32013,0,0,0,0,0,-0.00181,0.03586,0,0.01936,2.13706,0.09183,0,0.01762,1.93626,0.00817,0,0.31806,0.90825,1.01376,0.13106,0,0.00412,0,0.4388,0.01719,0.50018,0,0,0.01889,0,1.23806,0.49961,0.03357,0.87558,6.10406,2.92987,0.05576,0,1.23701,0.07189,22.39851,0.21198,0,0.00004,0,0,0.00384,0,0,0.08152,0,0.00903,-0.00969,0.07223,0.10701,0.00618,0,0.04982,0.51965,0.06262,0.17791,0.01314,0.03279,0.00087,0.69214,0.11704,0,0,0.69932,0.478,0,0,0,0.00003,0,0.00299,0,0,0.76936,2.58807,0,4.46771,17.18805,0.02678,0,0.00713,0.19422,0.54867,0,1.85301,0.00062
1974,0,0.06725,0,0.00033,0.15595,0.00008,0.63413,-0.00002,0.3435,0.0865,-0.00104,0.00007,0,2.28407,0.0003,4.20697,0.12579,0.02702,0,0.82151,0.03696,0.30477,0.06702,5.13358,0.06706,0.14503,0,0.31449,0.00852,0.3318,6.18838,0,0.00466,0,0.10127,21.32268,2.72557,0,0.52272,0,2.75316,0.34139,0.00007,0,0.08213,0.27122,0.70505,0.59077,0.00468,0.00339,0.01209,5.69417,0,0.03628,0.05671,0.00103,0.40294,0.74216,0.03637,1.23672,0.93899,0.17304,0,0.02088,2.89769,0.01455,0.12994,0.00008,0.28472,0.08096,0.00915,0.55766,-0.00715,0.21866,0.68058,0.06773,1.8118,13.49189,0,0,1.73624,0,1.81831,0.00816,5.53675,0,0.08426,0.02867,0,0,0,0.00624,0.4076,0,0.0018,0.01146,0,0.0001,1.08138,0.00484,1.21532,0.08352,4.69375,0,0,0,0,0,0.00048,0.07371,0,0.02221,2.13223,0.07734,0,0.01833,1.92909,0.00817,0,0.30783,0.89033,3.67282,0.3395,0,0.0037,0,0.53533,0.01927,0.50763,0,0,0.01782,0,2.08458,1.64054,0.03447,1.15811,8.28737,2.95743,0.05489,0,1.23702,0.1581,29.22733,0.21157,0,0.00227,0.00011,0,0.00193,0,0,0.12464,0,0.00903,-0.00359,0.07389,0.08752,0.01139,0,0.04982,0.80085,0.07485,0.17755,0.01314,0.03311,0.00087,0.6941,0.11801,0,0,0.69933,0.22427,0,0,0,0,0,0.00217,0,0,0.76925,2.60859,0,4.39773,17.30726,0.02694,0,0.07814,0.35789,0.53765,0,1.85278,0.00062
1975,0,0.07755,0,0.00026,0.14687,0.00001,0.63615,-0.00001,-0.32852,0.06769,-0.00036,0.00015,0,2.27573,0.00005,4.24567,0.11683,0.03366,0,0.66997,-0.00325,0.33206,0.06702,4.82852,0.0403,0.13659,0,0.31471,0.01866,0.32528,6.20154,0,0.00457,0,0.33177,15.01122,3.08985,0,0.33167,0,2.98139,0.35045,0.00012,0,0.05904,0.27088,0.27415,0.61913,0.00468,0.00055,0.02523,6.71736,0,0.06438,0.05467,0.00103,0.39825,0.74216,0.32979,1.20869,0.93577,0.12602,0,0.0458,2.82819,0.01455,0.1355,0.00001,0.51292,0.08095,0.00915,0.23463,-0.00489,0.28702,0.56778,0.06773,1.65017,5.67843,0,0,1.8685,0,1.41173,0.00641,4.97258,0,0.07626,0.02867,0,0,0,0.00867,0.4181,0,0.0018,0.01115,0,0.0001,1.10474,0.00415,0.59678,0.08351,2.56001,0.00004,0,0,0,0,0.00155,0.06823,0,0.02219,2.04496,0.09457,0,0.01771,1.9302,0.00817,0,0.30212,0.89338,3.13715,0.4103,0,0.00381,0,0.39465,0.02679,0.51407,0,0,0.02508,0,2.18304,2.25837,0.03545,0.77559,11.62885,2.99112,0.0587,0,1.23701,0.1126,15.26665,0.21178,0,0.00037,0.00002,0,0.00232,0,0,0.08362,0,0.00903,-0.00063,0.06953,0.08082,0.00716,0,0.04982,0.43537,0.08121,0.18123,0.01314,0.0327,0.00087,0.68463,0.11434,0,0,0.69931,0.17714,0,0,0,0.00002,0,0.00517,0,0,0.76931,2.73439,0,4.52141,16.38206,0.0271,0,0.00743,0.3892,0.56062,0,1.85261,0.00062
1976,0,0.06149,0,0.00054,0.1227,0,0.63782,0,1.0985,0.08002,-0.00009,0.00007,0,2.29,-0.00002,4.25478,0.15911,0.03904,0,0.93101,0.03702,0.25807,0.06702,5.7641,0.05962,0.13595,0,0.31464,0.0154,0.48912,10.27247,0,0.00412,0,0.56393,11.20179,4.11299,0,0.35613,0,3.10112,0.29978,0.00018,0,0.06775,0.27214,0.38894,0.65722,0.00468,-0.00019,0.01201,7.6495,0,0.08033,0.07412,0.00103,0.40327,0.74216,0.2694,1.16299,1.06956,0.21597,0,0.07187,2.9004,0.01455,0.13072,0,0.61803,0.08096,0.00915,0.43602,-0.00454,0.62827,0.69569,0.06772,1.90341,8.59781,0,0,1.74577,0,1.39763,0.01153,4.44669,0,0.08423,0.02867,0,0,0,0.00855,0.43997,0,0.0018,0.01266,0,0.00011,1.09377,0.0058,0.95236,0.08351,7.04685,0.00003,0,0,0,0,0.00421,0.04419,0,0.02404,2.6004,0.0662,0,0.01773,1.9265,0.00817,0,0.30695,0.94686,0.40658,1.21627,0,0.00034,0,0.32597,0.0198,0.50592,0,0,0.01671,0,2.27731,2.61819,0.03496,1.41074,8.84489,2.96062,0.059,0,1.23701,0.14973,21.15721,0.2117,0,-0.00013,-0.00001,0,-0.0035,0,0,0.0851,0,0.00903,0.01595,0.07994,0.07897,0.03028,0,0.04982,0.21688,0.07298,0.18094,0.01314,0.03277,0.00087,0.65973,0.12583,0,0,0.6993,0.43773,0,0,0,0.00002,0,0.00835,0,0,0.76928,2.60111,0,4.58113,18.09771,0.02733,0,0.01834,0.46705,0.54565,0,1.85203,0.00062
1977,0,0.07693,0,0.00033,0.15729,0,0.63923,-0.00001,0.65603,0.0715,-0.00049,0.00008,0,2.28012,0,4.0409,0.13837,0.02449,0,0.74973,0.00522,0.3093,0.06702,5.39362,0.0719,0.1368,0,0.31478,0.01583,0.15041,6.89829,0,0.004,0,0.40855,29.74326,2.02899,0,0.35042,0,2.94296,0.33806,0.00104,0,0.05718,0.27105,0.15041,0.58335,0.00468,-0.00002,0.01737,4.65863,0,0.02628,-0.04888,0.00103,0.41252,0.74216,0.27953,1.12885,0.84618,0.05649,0,-0.01092,2.87527,0.01455,0.13665,0,0.20904,0.08095,0.00915,0.04255,0.01484,0.11975,0.64314,0.06781,1.73431,12.21707,0,0,1.66381,0,1.09626,0.03141,4.35188,0,0.06881,0.02867,0,0,0,0.0075,0.44746,0,0.0018,0.01133,0,0.0001,1.06397,0.00442,0.73956,0.08354,7.90383,0.00004,0,0,0,0,0.00095,0.14196,0,0.01994,2.13065,0.08168,0,0.01949,1.93142,0.00817,0,0.3104,0.90747,2.10012,0.41793,0,0.00058,0,0.59983,0.02875,0.51682,0,0,0.01956,0,1.39347,6.9993,0.03652,1.15474,0.61978,2.93332,0.04904,0,1.237,0.12282,21.74351,0.21184,0,-0.00001,0,0,-0.00823,0,0,0.10295,0,0.00903,0.02672,0.06966,0.07881,0.03272,0,0.04982,0.14074,0.06953,0.18119,0.01314,0.03269,0.00087,0.68614,0.11456,0,0,0.69952,0.428,0,0,0,0,0,-0.00209,0,0,0.76933,2.45457,0,4.30662,21.6773,0.02747,0,0.00457,0.07358,0.54383,0,1.85154,0.00062
1978,0,0.06425,0,0.00014,0.15377,0.00015,0.64095,0,0.38763,0.07248,0.00004,0.00006,0,2.27222,0.00057,4.08264,0.09264,0.02894,0,0.60657,0.03879,0.23762,0.06702,5.44081,0.073,0.13047,0,0.3147,0.0103,0.10396,3.1919,0,0.00482,0,0.41332,33.81795,2.92121,0,0.3161,0,3.64232,0.27168,0.00028,0,0.0585,0.27034,0.08259,0.53141,0.00468,0.00646,0.00857,4.83002,0,0.0538,-0.05059,0.00103,0.38386,0.74216,0.10336,1.11462,0.76798,0.05721,0,0.01684,2.80133,0.01455,0.13479,0.00014,0.43814,0.08095,0.00915,0.44038,-0.00257,0.07774,0.5641,0.06791,1.57215,16.53279,0,0,1.649,0,1.04463,0.01337,5.50212,0,0.07509,0.02867,0,0,0,0.006,0.41587,0,0.0018,0.0107,0,0.00011,1.05569,0.00328,0.69366,0.08351,5.62344,0,0,0,0,0,-0.00028,0.04539,0,0.01984,2.04004,0.05743,0,0.01767,1.92898,0.00817,0,0.29792,0.86866,0.65353,0.68168,0,0.00492,0,0.6339,0.02577,0.51945,0,0,0.01774,0,1.72093,-0.35443,0.03621,1.10645,5.98039,2.8775,0.04859,0,1.237,0.06618,19.95056,0.21176,0,0.00433,0.00022,0,-0.00533,0,0,0.05315,0,0.00903,0.01152,0.05255,0.06793,0.05236,0,0.04982,0.24515,0.05959,0.17738,0.01314,0.03265,0.00087,0.6516,0.11792,0,0,0.69928,0.30738,0,0,0,0.00002,0,0.00097,0,0,0.76929,2.36537,0,4.29491,16.34221,0.02814,0,0.01523,0.49411,0.53973,0,1.8515,0.00062
1979,0,0.05688,0,0.0001,0.11972,0.00001,0.64196,0.00001,0.45506,0.06054,0.00087,0.00009,0,2.28323,0.00002,4.147,0.08834,0.03468,0,0.80689,0.00147,0.27245,0.06702,5.7754,0.02495,0.13298,0,0.31465,0.01038,0.21926,5.83546,0,0.00418,0,0.20288,9.07754,3.14688,0,0.3955,0,4.22341,0.32598,0.00053,0,0.06301,0.2703,-0.0609,0.49219,0.00468,0.00025,0.00983,6.69933,0,0.07255,-0.02192,0.00103,0.40723,0.74216,0.1417,1.11883,0.74193,0.13924,0,0.06128,2.82057,0.01455,0.12921,0.00001,0.58712,0.08095,0.00915,0.36754,0.00312,0.17896,0.61481,0.06794,1.76984,15.11893,0,0,1.54682,0,1.1068,0.02054,5.22645,0,0.07488,0.02867,0,0,0,0.0039,0.44111,0,0.0018,0.0107,0,0.00009,1.06965,0.0032,0.61916,0.08351,6.04573,0,0,0,0,0,0.01242,0.0987,0,0.02049,2.05674,0.05746,0,0.01768,1.92664,0.00817,0,0.30067,0.83128,1.79481,0.68275,0,0.00166,0,0.75019,0.01796,0.49625,0,0,0.01624,0,2.04429,0.9984,0.0377,1.43614,6.37037,2.90889,0.0483,0,1.23701,0.11113,12.6805,0.21172,0,0.00017,0.00001,0,-0.0073,0,0,0.08757,0,0.00903,0.00825,0.06751,0.07886,0.00816,0,0.04982,0.5557,0.04926,0.17764,0.01314,0.03302,0.00087,0.61327,0.11665,0,0,0.69932,0.36404,0,0,0,0.00001,0,0.00452,0,0,0.76928,2.57819,0,4.12593,14.90872,0.02774,0,0.00328,0.31562,0.53683,0,1.85322,0.00062
1980,0,0.05424,0,0.0002,0.12823,0,0.64774,0,0.08986,0.06902,-0.00002,0,0,2.27483,-0.00002,4.16443,0.08132,0.014,0,0.65091,0.03195,0.22573,0.06702,5.848,0.07266,0.12375,0,0.31465,0.01319,0.56686,7.13197,0,0.00411,0,0.50279,13.07043,3.42816,0,0.45826,0,2.92544,0.25356,0.00031,0,0.04849,0.2712,0.71839,0.46201,0.00468,-0.00019,0.00109,8.06116,0,-0.01778,0.11744,0.00103,0.4111,0.74216,0.15467,1.17342,0.75034,0.28342,0,0.02876,2.76306,0.01455,0.12996,0,-0.1549,0.08096,0.00915,0.24839,-0.0026,0.07072,0.55203,0.06804,1.6229,15.43022,0,0,1.54398,0,0.98665,0.01624,4.1701,0,0.09804,0.02867,0,0,0,0.00694,0.44734,0,0.0018,0.01155,0,0.00011,1.05701,0.00304,0.59894,0.0836,9.30975,0,0,0,0,0,0.01065,0.0759,0,0.01952,2.19945,0.06032,0,0.02207,1.93818,0.00817,0,0.30042,0.82784,5.56917,0.85044,0,0.0022,0,0.38235,0.01872,0.50839,0,0,0.01686,0,2.51007,0.06269,0.03945,1.15704,1.59402,2.82535,0.04888,0,1.23699,0.0714,39.46731,0.21172,0,-0.00013,-0.00001,0,-0.0002,0,0,0.05645,0,0.00903,0.01136,0.04666,0.06563,0.00552,0,0.04982,0.23606,0.05267,0.17756,0.01314,0.03305,0.00087,0.70405,0.11763,0,0,0.69965,0.60436,0,0,0,0,0,0.00305,0,0,0.7693,2.36946,0,4.13073,18.03139,0.02888,0,0.03731,0.17345,0.53691,0,1.85434,0.00062
1981,0,0.05573,0,0.00024,0.10631,0,0.64612,0,0.69262,0.06649,0.00008,0.00001,0,2.28351,-0.00001,4.25976,0.07512,0.02793,0,0.81015,-0.00058,0.23877,0.06702,6.18067,0.03792,0.1382,0,0.31475,0.01487,-0.40532,6.81972,0,0.00466,0,-0.05135,15.26237,5.16479,0,0.29655,0,3.63003,0.25449,0.00016,0,0.05362,0.27121,0.30812,0.45963,0.00468,-0.00016,0.00282,6.20069,0,0.04281,-0.15727,0.00103,0.38633,0.74216,0.14175,1.10443,0.76429,-0.13692,0,0.00736,2.75801,0.01455,0.12835,0,0.34575,0.08096,0.00915,0.18769,-0.00519,0.1462,0.60987,0.06776,1.77976,17.36154,0,0,1.53637,0,1.00715,0.00761,4.24013,0,0.07194,0.02867,0,0,0,0.00767,0.43626,0,0.0018,0.01178,0,0.0001,1.08367,0.00304,0.58714,0.0836,3.11167,0,0,0,0,0,-0.00013,0.08207,0,0.02092,2.14103,0.06401,0,0.0214,1.93504,0.00817,0,0.29971,0.83483,0.28951,0.633,0,0.00286,0,0.31356,0.01668,0.50049,0,0,0.01349,0,3.08599,0.43145,0.02962,0.97187,0.66315,2.89752,0.05292,0,1.23701,0.11301,13.77058,0.2118,0,-0.00011,-0.00001,0,0.00194,0,0,0.0704,0,0.00903,0.00849,0.06712,0.0607,0.07051,0,0.04982,0.46037,0.06629,0.17761,0.01314,0.03303,0.00087,0.63196,0.11829,0,0,0.69939,0.22558,0,0,0,0.00001,0,-0.00028,0,0,0.7693,2.58258,0,4.11681,17.40537,0.02901,0,0.04272,0.21822,0.53924,0,1.85347,0.00062
1982,0,0.06044,0,0.00026,0.14438,0.00004,0.64663,0.00001,0.71621,0.0528,0.00054,-0.00001,0,2.27357,0.00014,4.12388,0.10586,0.02372,0,0.63238,0.00105,0.26678,0.06702,5.84243,0.07636,0.12966,0,0.31472,0.00436,0.43585,5.27188,0,0.00372,0,-0.05541,20.95842,2.33676,0,0.45811,0,0.45325,0.28583,0.00006,0,0.05755,0.27006,0.33559,0.4981,0.00468,0.00156,-0.00114,0.20122,0,0.02308,0.08578,0.00103,0.40039,0.74216,-0.00792,1.1192,0.84751,0.19185,0,0.04675,2.79965,0.01455,0.12816,0.00003,0.1908,0.08095,0.00915,0.17745,-0.00732,0.06834,0.62169,0.0677,1.59789,18.98709,0,0,1.51791,0,1.15567,0.00377,4.5797,0,0.07223,0.02867,0,0,0,0.00208,0.42625,0,0.0018,0.01083,0,0.00009,1.0639,0.00358,0.71575,0.08351,5.12238,0.00001,0,0,0,0,0.0005,0.53276,0,0.01978,2.56844,0.07585,0,0.01775,1.92254,0.00817,0,0.29138,0.89323,0.07966,0.09326,0,0.00291,0,0.47033,0.0163,0.51259,0,0,0.01341,0,1.53413,-2.05174,0.03048,0.82107,0.12121,2.92219,0.04867,0,1.23699,0.08901,20.88735,0.21177,0,0.00105,0.00005,0,0.00196,0,0,0.07046,0,0.00904,0.00922,0.07049,0.06591,0.00887,0,0.04982,0.3914,0.0743,0.17829,0.01314,0.03267,0.00087,0.61514,0.1158,0,0,0.69935,0.2722,0,0,0,0.00001,0,0.00447,0,0,0.7693,2.45151,0,4.12659,14.93546,0.02922,0,0.04193,0.17424,0.53638,0,1.85381,0.00062
1983,0,0.05495,0,0.00025,0.13158,0.00008,0.64695,0,-0.70042,0.07347,-0.00018,-0.00001,0,2.28766,0.00029,4.05967,0.11904,0.18934,0,0.88723,0.03703,0.2928,0.06702,6.30705,0.02688,0.13602,0,0.31472,0.00448,0.39463,0.31316,0,0.00418,0,0.20156,26.96168,4.22884,0,0.32726,0,3.12466,0.3217,0.00029,0,0.07033,0.27275,0.11615,0.47363,0.00468,0.00334,-0.00122,4.88576,0,0.73607,0.07633,0.00103,0.39526,0.74216,0.21922,1.24058,0.85179,0.16109,0,0.01868,2.79723,0.01455,0.12598,0.00007,5.9533,0.08096,0.00915,0.11563,-0.00327,1.40675,0.72934,0.06763,1.85923,28.18806,0,0,1.54974,0,1.14292,0.01696,4.36432,0,0.05942,0.02867,0,0,0,0.00289,0.43658,0,0.0018,0.01309,0,0.00011,1.03103,0.00378,0.62481,0.0836,2.6297,0,0,0,0,0,0.00226,0.25492,0,0.02055,2.19421,0.08157,0,0.02203,1.92411,0.00817,0,0.30441,0.8863,0.0599,0.74093,0,0.00486,0,0.33361,0.01335,0.50497,0,0,0.01223,0,2.5027,3.70988,0.03039,0.85614,-0.90267,2.97094,0.04479,0,1.237,0.15373,12.82354,0.21178,0,0.00224,0.00011,0,0.00249,0,0,0.14029,0,0.00903,0.00733,0.07891,0.07571,0.05494,0,0.04982,0.52205,0.05698,0.17757,0.01314,0.03378,0.00087,0.67287,0.12099,0,0,0.69941,0.2009,0,0,0,0.00001,0,0.00227,0,0,0.7693,2.46476,0,4.19931,15.74179,0.02874,0,0.01081,0.1086,0.53309,0,1.85358,0.00062
1984,0,0.05126,0,0.0003,0.13528,0.00007,0.64681,0,1.36116,0.0639,-0.00002,-0.00001,0,2.24948,0.00026,4.15131,0.13237,0.02281,0,0.19329,0.00114,0.23715,0.06702,6.25654,0.11516,0.13024,0,0.3147,0.02711,-0.12183,9.70678,0,0.00453,0,0.32903,24.13546,5.01685,0,0.4317,0,0.19612,0.24744,0.00013,0,0.05889,0.27271,0.70317,0.46864,0.00468,0.00294,-0.00359,9.06383,0,0.02159,-0.07513,0.00103,0.38808,0.74216,0.28809,1.26588,0.87884,-0.02169,0,0.01805,2.76656,0.01455,0.12596,0.00007,0.1754,0.08096,0.00915,0.45712,-0.00625,0.08271,0.69587,0.06758,1.19138,72.61536,0,0,1.60343,0,0.87235,0.00914,4.73538,0,0.06833,0.02867,0,0,0,0.00789,0.40882,0,0.0018,0.01303,0,0.0001,1.02539,0.00416,0.63657,0.08357,6.31093,0,0,0,0,0,0.00231,0.09678,0,0.02088,2.08337,0.06886,0,0.02132,1.93356,0.00817,0,0.28465,0.91169,0.42198,0.0372,0,0.00467,0,0.30554,0.01321,0.51735,0,0,0.01588,0,1.50961,2.14253,0.02959,0.80726,2.18742,2.8898,0.04207,0,1.23725,0.13424,17.72065,0.21176,0,0.00197,0.0001,0,0.00192,0,0,0.08042,0,0.00903,0.03323,0.06084,0.05985,0.02925,0,0.04982,0.18697,0.05262,0.17752,0.01314,0.03395,0.00087,0.65067,0.11722,0,0,0.69963,-0.03351,0,0,0,0.00002,0,0.00089,0,0,0.7693,2.46403,0,4.30439,14.49097,0.02716,0,0.01706,0.48077,0.54315,0,1.85453,0.00062
1985,0,0.0674,0,0.00036,0.15604,0,0.63111,0,1.12094,0.0774,0.00023,0.00001,0,2.25415,-0.00002,4.01078,0.1298,0.02318,0,0.27773,0.03716,0.24906,0.06702,4.59525,0.16122,0.13393,0,0.31467,0.02083,0.56983,1.38948,0,0.00485,0,0.33464,22.51087,4.90899,0,0.26751,0,0.31789,0.28647,0.00037,0,0.05548,0.27103,0.10705,0.42992,0.00468,-0.0002,0.00451,4.67271,0,0.01857,0.11595,0.00103,0.38746,0.74216,0.16325,1.24072,0.85252,0.21396,0,0.01084,2.71195,0.01455,0.13451,0,0.14162,0.08096,0.00915,0.47632,-0.00125,0.19734,0.54327,0.06754,1.26062,79.23766,0,0,1.46012,0,0.98549,0.01884,3.70211,0,0.05692,0.02867,0,0,0,0.00301,0.41722,0,0.0018,0.01192,0,0.00011,1.01864,0.00385,0.63134,0.08357,15.50721,0.00001,0,0,0,0,0.00178,0.09766,0,0.02081,2.07749,0.06658,0,0.02021,1.9291,0.00817,0,0.28876,0.89599,0.19578,0.08443,0,0.0037,0,0.17119,0.02556,0.51273,0,0,0.01798,0,1.49491,3.46483,0.03003,1.14314,2.2294,2.84691,0.04316,0,1.23737,0.09986,29.23081,0.21175,0,-0.00013,-0.00001,0,0.0003,0,0,0.06374,0,0.00904,0.04023,0.0509,0.07185,0.07262,0,0.04982,0.25173,0.05829,0.17855,0.01314,0.03562,0.00087,0.62036,0.12019,0,0,0.69938,0.44558,0,0,0,0.00002,0,-0.00058,0,0,0.7693,2.32755,0,4.0118,14.49963,0.02244,0,0.03017,0.424,0.54959,0,1.85372,0.00062
1986,0,0.0414,0,0.00062,0.16758,0.00002,0.62862,0,-0.10336,0.06155,0,-0.00001,0,2.29361,0.00009,3.91333,0.15087,0.02173,0,0.99604,0.0028,0.21904,0.06702,3.37587,0.23926,0.12933,0,0.3149,0.03526,0.32829,10.79258,0,0.0041,0,0.22804,30.0835,3.38375,0,0.40849,0,0.37456,0.2398,0.00022,0,0.05331,0.27092,0.46442,0.46359,0.00468,0.00107,-0.00021,0.89691,0,0.0103,0.0334,0.00103,0.39529,0.74216,0.28858,1.22136,0.91033,0.08983,0,0.02828,2.76841,0.01455,0.12396,0.00002,0.08327,0.08095,0.00915,0.33651,-0.00411,0.08107,0.59062,0.06751,1.95752,83.88646,0,0,1.46436,0,0.90303,0.01033,3.3155,0,0.05706,0.02867,0,0,0,0.0077,0.40817,0,0.0018,0.01158,0,0.0001,1.00738,0.00383,0.61515,0.0836,17.4813,0.00001,0,0,0,0,0.00151,0.37751,0,0.02332,2.26876,0.05849,0,0.02203,1.93138,0.00817,0,0.30298,0.957,0.93182,0.06285,0,0.00155,0,0.24455,0.01002,0.51533,0,0,0.01366,0,1.52113,1.21068,0.0238,0.8345,1.3733,2.86438,0.04293,0,1.23724,0.18692,21.32503,0.21195,0,0.00071,0.00004,0,-0.00163,0,0,0.07714,0,0.00903,0.04515,0.06144,0.06051,-0.01862,0,0.04982,0.36255,0.0743,0.17846,0.01314,0.03607,0.00087,0.62057,0.11696,0,0,0.69942,0.46314,0,0,0,0.00001,0,0.00138,0,0,0.76935,2.42205,0,4.00662,13.99815,0.02279,0,0.02404,0.23249,0.55905,0,1.85378,0.00062
1987,0,0.05761,0,0.00031,0.05837,0,0.62882,0,0.39725,0.07287,0.00023,-0.00001,0,2.27086,-0.00002,3.88356,0.1212,0.14734,0,0.58035,0.00098,0.23476,0.06702,2.7566,0.15142,0.13251,0,0.31466,0.02617,-0.79694,7.85869,0,0.00451,0,0.42168,28.75683,1.98413,0,0.25704,0,0.41878,0.24994,0.00024,0,0.04907,0.27344,0.06068,0.40086,0.00468,-0.0002,0.00051,0.16594,0,0.54683,-0.25611,0.00103,0.36633,0.74216,0.29266,1.07477,0.83731,-0.27859,0,0.04516,2.70689,0.01455,0.12998,0,4.42812,0.08096,0.00915,0.23793,-0.00396,1.04962,0.627,0.06749,1.5465,62.99264,0,0,1.48616,0,0.88361,0.01287,3.31274,0,0.06504,0.02867,0,0,0,0.00208,0.37321,0,0.0018,0.01345,0,0.00009,0.99888,0.00328,0.63379,0.08355,17.7504,0,0,0,0,0,0.00027,0.41805,0,0.02913,2.23335,0.06416,0,0.01977,1.92494,0.00817,0,0.29002,0.8893,0.53781,0.17125,0,0.00376,0,0.18392,0.01888,0.5229,0,0,0.01193,0,1.42852,2.84511,0.02222,0.30415,1.59698,2.79426,0.04044,0,1.23736,0.28962,17.63158,0.21172,0,-0.00013,-0.00001,0,0.00424,0,0,0.06015,0,0.00903,0.03551,0.0527,0.06063,0.04078,0,0.04982,0.17097,0.06857,0.17722,0.01314,0.03498,0.00087,0.58102,0.11382,0,0,0.69938,0.71579,0,0,0,0.00002,0,0.00381,0,0,0.76929,2.27517,0,3.95586,14.76064,0.02325,0,0.03735,0.07358,0.56005,0,1.85377,0.00062
1988,0,0.05107,0,0.00016,0.18391,0,0.63215,0.00001,0.40012,0.04814,0.00038,0,0,2.26892,-0.00002,3.95462,0.15482,0.03215,0,0.54436,0.01528,0.24203,0.06702,2.37138,0.22099,0.12873,0,0.31466,0.01466,0.38918,4.7304,0,0.00388,0,0.69408,36.38556,0.96763,0,0.3607,0,-0.15052,0.25819,0.00035,0,0.06033,0.26999,0.2273,0.431,0.00468,-0.00019,-0.00062,-1.29602,0,0.04899,0.07253,0.00103,0.38501,0.74216,0.29206,1.15512,0.87858,0.16119,0,0.04291,2.77147,0.01455,0.12648,0,0.3763,0.08095,0.00915,0.29516,-0.00114,0.50862,0.61982,0.06739,1.51889,50.46704,0,0,1.43537,0,0.85833,0.01379,4.06609,0,0.04555,0.02867,0,0,0,0.00022,0.40174,0,0.0018,0.01019,0,0.00009,1.02268,0.00382,0.63959,0.08356,19.27641,0,0,0,0,0,0.00046,0.33656,0,0.01824,2.22705,0.06199,0,0.01993,1.93093,0.00817,0,0.2939,0.93205,0.18582,0.38123,0,0.00275,0,0.23648,0.01402,0.51495,0,0,0.02163,0,1.59008,3.69247,0.02448,0.2655,4.34491,2.83749,0.03957,0,1.23725,0.12705,22.77712,0.21173,0,-0.00013,-0.00001,0,0.00166,0,0,0.14982,0,0.00903,0.0329,0.04923,0.05735,0.02808,0,0.04982,0.35235,0.03542,0.17735,0.01314,0.03337,0.00087,0.6311,0.11394,0,0,0.6994,0.7634,0,0,0,-0.00001,0,0.00342,0,0,0.76929,2.24678,0,3.98307,15.09328,0.02434,0,0.02404,0.16604,0.54881,0,1.85454,0.00062
1989,0,0.04989,0,0.00055,0.11724,0,0.62586,0.00001,0.40734,0.05704,0.00056,-0.00001,0,2.28066,-0.00002,4.06195,0.21537,0.02031,0,0.75686,-0.00139,0.24213,0.06702,0.41534,0.08872,0.12616,0,0.31494,0.00197,1.46511,2.46522,0,0.00386,0,0.26864,36.37102,2.22616,0,0.34085,0,-0.12724,0.24331,0.00008,0,0.05531,0.27387,0.39289,0.49161,0.00468,-0.0002,-0.0052,2.75068,0,0.00711,0.34972,0.00103,0.40556,0.74216,0.31808,1.1395,1.06685,0.53804,0,0.05542,2.82767,0.01455,0.12596,0,0.06072,0.08097,0.00915,0.52236,-0.00688,0.02533,0.55765,0.06735,1.70752,69.94146,0,0,1.52196,0,0.86888,0.00482,3.75215,0,0.04778,0.02867,0,0,0,0.00094,0.44255,0,0.0018,0.01385,0,0.00009,1.04019,0.00538,0.64139,0.08356,8.65461,0,0,0,0,0,0.00295,0.35681,0,0.01864,2.11529,0.0689,0,0.01975,1.93214,0.00817,0,0.29527,1.02346,0.4432,0.17802,0,0.00706,0,0.35849,0.01293,0.51601,0,0,0.00825,0,1.36902,4.67972,0.01936,0.61663,3.03253,2.87503,0.04314,0,1.23699,0.08803,17.65083,0.21198,0,-0.00013,-0.00001,0,-0.00437,0,0,0.06987,0,0.00903,0.02158,0.04766,0.0529,0.01325,0,0.04982,0.67782,0.07691,0.17757,0.01314,0.03323,0.00087,0.6613,0.12006,0,0,0.69932,0.39722,0,0,0,0.00012,0,0.00492,0,0,0.76936,2.37575,0,4.18508,12.95431,0.03326,0,0.02768,0.42654,0.5352,0,1.85285,0.00062
1990,0,0.06544,0,0.00071,0.10537,0,0.62727,-0.00001,0.39092,0.06091,-0.00072,-0.00001,0,2.32312,-0.00002,3.98652,0.25173,0.02838,0,1.53354,0.0218,0.29744,0.06702,1.24424,0.0998,0.14283,0,0.31461,0.0066,0.18201,5.0049,0,0.00375,0,-0.09229,38.07651,1.77294,0,0.37145,0,0.41345,0.31419,0.00045,0,0.05774,0.26999,0.14557,0.44002,0.00468,-0.00019,-0.00375,4.9135,0,0.03614,0.02251,0.00103,0.41197,0.74216,0.27503,1.15495,1.17953,0.04635,0,0.03459,2.7894,0.01455,0.1327,0,0.28191,0.08095,0.00915,0.40484,-0.00501,0.28428,0.82874,0.06731,2.46304,54.16319,0,0,1.47929,0,0.94472,0.05623,3.57128,0,0.04105,0.02867,0,0,0,0.00243,0.44805,0,0.0018,0.0117,0,0.00009,1.00919,0.00566,0.61397,0.08372,5.73733,0,0,0,0,0,0.00028,0.34688,0,0.02554,2.31252,0.07076,0,0.02778,1.92312,0.00817,0,0.31112,1.05076,0.25038,0.34807,0,0.00768,0,0.34173,0.02273,0.52014,0,0,0.01213,0,0.71883,3.19316,0.01792,-0.86823,1.08455,2.86104,0.04177,0,1.237,0.29919,13.77005,0.21168,0,-0.00013,-0.00001,0,0.00435,0,0,0.17707,0,0.00905,0.01469,0.056,0.06504,0.02744,0,0.04982,0.38764,0.09083,0.17727,0.01314,0.03411,0.00087,0.6035,0.11526,0,0,0.69989,0.22962,0,0,0,0.00009,0,0.00394,0,0,0.76928,2.33882,0,4.16158,13.42978,0.02528,0,0.02527,0.24674,0.53804,0,1.85348,0.00062
1991,0,0.03144,0,0.00024,0.15448,0,0.62708,-0.00001,1.07171,0.04854,-0.00066,-0.00001,0,2.26393,-0.00002,4.05982,0.27541,0.02911,0,0.45685,0.00037,0.20302,0.06702,2.88512,0.07828,0.11068,0,0.31473,0.00678,0.29123,3.98007,0,0.00433,0,-0.09357,32.62681,2.56978,0,0.30494,0,0.12596,0.30833,-0.00016,0,0.04734,0.27047,0.38627,0.43592,0.00468,-0.0002,-0.00322,1.1391,0,0.04467,0.05178,0.00103,0.3825,0.74216,-0.01483,0.98327,1.01241,0.11701,0,0.06299,2.72063,0.01455,0.12258,0,0.3455,0.08095,0.00915,0.35792,-0.02161,0.3067,0.46996,0.06728,1.44109,57.14668,0,0,1.44998,0,0.74203,0.06216,2.51069,0,0.05168,0.02867,0,0,0,0.00102,0.42091,0,0.0018,0.01208,0,0.0001,0.98312,0.00586,0.60659,0.08369,5.03334,0,0,0,0,0,0.00102,0.04351,0,0.01686,2.01553,0.0488,0,0.02725,1.92064,0.00817,0,0.29193,1.0415,0.39269,0.42582,0,0.01299,0,0.32793,0.00785,0.52415,0,0,0.01207,0,1.07174,1.53208,0.02577,0.71582,-1.23332,2.81633,0.04011,0,1.23711,-0.00454,15.55078,0.21179,0,-0.00014,-0.00001,0,0.00312,0,0,-0.00705,0,0.00905,0.01548,0.03758,0.0896,0.04515,0,0.04982,-0.36159,0.05432,0.17744,0.01314,0.03536,0.00087,0.62139,0.1202,0,0,0.70006,0.2051,0,0,0,-0.00001,0,0.00713,0,0,0.7693,2.25848,0,3.98533,13.35491,0.02837,0,0.0245,0.21488,0.55889,0,1.85829,0.00062
1992,0,0.04822,0,0.00015,0.1738,0,0.62499,0.00002,1.0467,0.04293,0.00101,-0.00001,0,2.24108,-0.00002,4.02377,0.27769,0.08485,0,0.0356,0.07968,0.20993,0.06702,2.63301,0.1091,0.12466,0,0.31465,0.00071,-0.43983,7.30418,0,0.00372,0,-0.07894,38.62556,2.72996,0,0.35612,0,0.19819,0.22554,0.0026,0,0.05425,0.27655,0.18457,0.44482,0.00468,-0.00021,0.00101,1.19021,0,0.25658,-0.15318,0.00103,0.39717,0.74216,0.01553,0.97029,1.04186,-0.15329,0,0.05749,2.81354,0.01455,0.12599,0,2.02424,0.08098,0.00915,0.70957,0.01677,1.34565,0.64611,0.06727,1.0191,76.73054,0,0,1.44561,0,0.76053,0.28574,2.75295,0,0.038,0.02867,0,0,0,-0.00001,0.42707,0,0.0018,0.01789,0,0.00009,1.01467,0.0067,0.85578,0.0837,8.43574,0,0,0,0,0,0.00347,0.0961,0,0.01965,2.03864,0.06074,0,0.02766,1.93388,0.00817,0,0.27273,1.02104,0.54737,0.88906,0,0.0121,0,0.35365,0.013,0.51632,0,0,0.01189,0,0.42242,1.15787,0.00898,0.98356,-1.14335,2.86493,0.04365,0,1.23709,0.09071,23.69107,0.21173,0,-0.00014,-0.00001,0,0.00456,0,0,0.0996,0,0.00905,0.02573,0.05652,0.05349,0.01692,0,0.04982,0.5265,0.04779,0.17779,0.01314,0.04277,0.00087,0.67697,0.1169,0,0,0.70017,0.26361,0,0,0,-0.00001,0,0.00441,0,0,0.7693,2.24568,0,3.90254,12.92277,0.02526,0,-0.00378,0.33268,0.53712,0,1.85719,0.00062
1993,0,0.05359,0,0.00017,0.14773,0.00006,0.63076,0.00001,0.7144,0.05265,0.00041,0.00004,0,2.23608,0.00022,3.85689,0.33518,0.02054,0,-0.04981,-0.00028,0.21516,0.06702,2.05988,0.11596,0.12823,0,0.31471,0.00633,0.30662,5.69964,0,0.00419,0,0.36082,36.2467,4.31799,0,0.40014,0,0.343,0.24183,-0.00197,0,0.04576,0.26996,0.49948,0.41896,0.00468,0.00246,-0.00671,5.30707,0,0.01823,0.06288,0.00103,0.36632,0.74216,0.004,1.14531,0.99579,0.16611,0,0.04455,2.75387,0.01455,0.12969,0.00005,0.16746,0.08095,0.00915,0.34889,-0.05718,0.19315,0.67663,0.06743,0.91934,63.95535,0,0,1.4279,0,0.842,-0.01258,3.17043,0,0.02877,0.02867,0,0,0,0.003,0.39142,0,0.0018,0.0119,0,0.00008,0.94951,0.00682,0.62882,0.08367,10.93397,0,0,0,0,0,0.00127,0.06862,0,0.01955,2.11311,0.06466,0,0.0271,1.92221,0.00817,0,0.27558,1.05695,0.37273,1.0972,0,0.02438,0,1.06401,0.01868,0.51045,0,0,0.01465,0,0.57005,1.78431,0.02233,1.96807,1.48179,2.79917,0.03687,0,1.23699,0.12316,18.98675,0.21178,0,0.00165,0.00008,0,0.00432,0,0,0.11644,0,0.00905,0.02064,0.04353,0.06109,0.02942,0,0.04982,0.06194,0.0424,0.17772,0.01314,0.04629,0.00087,0.6662,0.11515,0,0,0.70015,0.50316,0,0,0,-0.00001,0,0.00377,0,0,0.76931,2.11063,0,3.83823,12.31733,0.02609,0,0.01433,0.12364,0.54151,0,1.85629,0.00062
1994,0,0.03498,0,0.00028,0.12991,-0.00001,0.63385,0,0.43163,0.06881,-0.00006,0.00006,0,2.28615,-0.00003,4.13444,0.36093,0.02102,0,0.85957,0.06944,0.1858,0.06702,2.90294,0.15769,0.14062,0,0.3147,0.00581,0.13213,6.58667,0,0.00365,0,0.3036,43.46613,3.36799,0,0.28865,0,0.5627,0.20061,0.00094,0,0.05578,0.27869,0.30278,0.41884,0.00468,-0.00029,0.01629,1.4561,0,-0.0147,-0.00219,0.00103,0.38185,0.74216,-0.02882,1.08273,1.08214,0.02474,0,0.04288,2.7853,0.01451,0.12386,-0.00001,-0.14059,0.08099,0.00915,0.80681,0.01328,-0.0087,0.66783,0.06737,1.76854,89.5536,0,0,1.41013,0,0.7476,0.0229,2.8641,0,0.05391,0.02867,0,0,0,0.00095,0.42392,0,0.0018,0.02084,0,0.00009,1.11062,0.00648,0.77789,0.08394,10.85315,0,0,0,0,0,0.00022,0.05445,0,0.02537,2.13011,0.05081,0,0.0361,1.93389,0.00816,0,0.28408,1.04292,0.42879,1.69171,0,0.02458,0,0.59944,0.01026,0.55099,0,0,0.01517,0,0.22727,1.79804,0.02724,0.74376,1.59761,2.87095,0.03473,0,1.23699,0.23042,15.78525,0.21176,0,-0.00019,-0.00001,0,0.00248,0,0,0.01754,0,0.00906,0.04838,0.06145,0.05261,0.03173,0,0.04982,0.33765,0.05993,0.17712,0.01314,0.04618,0.00087,0.68094,0.11554,0,0,0.7001,0.33084,0,0,0,-0.00001,0,0.00461,0,0,0.76918,2.33568,0,3.89586,13.94411,0.02737,0,0.11605,0.42375,0.53285,0,1.85749,0.00062
1995,0,0.02457,0,0.0003,0.15511,0,0.62936,0,0.90506,0.04042,-0.0002,-0.00001,0,2.23558,-0.00002,4.00861,0.43968,0.02207,0,-0.13989,0.01891,0.1466,0.06702,2.41688,0.11892,0.10649,0,0.3267,0.01925,-0.37908,8.2899,0,0.00423,0,0.23729,37.65881,4.27465,0,0.34035,0,0.45765,0.15273,0.0013,0,0.04045,0.29291,0.45021,0.4278,0.00472,-0.00022,0.00324,0.65721,0,0.01753,-0.14258,0.00103,0.43464,0.74748,0.00398,1.03407,1.1404,-0.16861,0,0.0572,2.72056,0.01482,0.11851,0,0.13478,0.08024,0.00896,0.65652,0.01904,0.21324,0.52991,0.06734,0.81946,77.70356,0,0,1.48173,0,0.65369,0.03345,2.76486,0,0.0303,0.02884,0,0,0,0.00863,0.48808,0,0.0018,0.01406,0,0.00009,1.04315,0.0067,0.69445,0.08413,6.96829,0,0,0,0,0,0.0014,0.04137,0,0.01676,2.13679,0.04212,0,0.029,1.92279,0.00817,0,0.26179,1.10928,-0.05112,1.22038,0,0.00549,0,0.30039,0.00103,0.51017,0,0,0.01137,0,0.75752,7.36089,0.01034,0.13815,3.68401,2.77959,0.03755,0,1.27305,0.0556,18.16146,0.21467,0,-0.00014,-0.00001,0,0.00329,0,0,0.0265,0,0.00907,0.02584,0.03031,0.03954,0.01841,0,0.05016,-0.15909,0.05219,0.17767,0.01367,0.05189,0.00087,0.67352,0.11489,0,0,0.70565,0.24073,0,0,0,-0.00001,0,0.00601,0,0,0.77348,2.23902,0,4.02796,12.78171,0.02757,0,0.00593,0.45087,0.60231,0,1.85501,0.00062
1996,0,0.03159,0,0.00012,0.1453,0,0.61096,0.00002,0.01869,0.0559,0.00141,0.00003,0,2.24789,-0.00001,4.06036,0.56725,0.02343,0,0.08516,0.01897,0.12378,0.06702,3.48076,0.14398,0.11225,0,0.32801,0.00425,1.55189,13.83773,0,0.00476,0,0.12322,37.33312,5.27772,0,0.37094,0,0.4203,0.13768,0.00198,0,0.02836,0.2954,0.19434,0.42118,0.00472,-0.0001,-0.00059,-0.9848,0,0.012,0.40714,0.00103,0.40107,0.74844,0.00776,0.99748,1.10761,0.58503,0,0.08156,2.7013,0.0149,0.12606,0,0.09228,0.08001,0.00889,0.5103,0.02721,0.0963,0.51492,0.06718,1.03285,72.72263,0,0,1.44007,0,0.52996,0.09845,3.94426,0,0.04995,0.02899,0,0,0,0.00614,0.42774,0,0.0018,0.01318,0,0.00008,0.99642,0.00833,1.5714,0.08415,7.94125,0,0,0,0,0,0.00595,0.02492,0,0.01804,7.72388,0.03453,0,0.03408,1.92305,0.00815,0,0.26547,1.22655,0.00871,1.40709,0,0.01037,0,0.50521,0.01229,0.51343,0,0,0.00969,0,0.73628,1.90329,0.00148,0.42822,6.4498,2.73386,0.03191,0,1.2714,0.08872,93.62835,0.21441,0,-0.00006,0,0,0.00204,0,0,0.018,0,0.00909,0.0199,0.03612,0.04086,0.01842,0,0.05067,0.21496,0.0296,0.17733,0.01366,0.05567,0.0009,0.61742,0.11555,0,0,0.70573,0.25471,0,0,0,-0.00001,0,0.00715,0,0,0.77353,2.21662,0,3.94374,12.28753,0.02748,0,-0.004,0.21918,0.55046,0,1.84972,0.00062
1997,0,0.04398,0,0.00014,0.15269,0.00001,0.63016,0.00002,0.54321,0.06313,0.00106,0.00002,0,2.24271,0.00003,4.0239,0.50184,0.03306,0,0.01391,0.00843,0.17459,0.06702,4.53688,0.14286,0.10589,0,0.33076,0.01196,-0.04779,4.2639,0,0.00563,0,0.23768,39.60408,8.84422,0,0.36986,0,0.11312,0.22902,-0.00082,0,0.03999,0.30256,0.80704,0.43337,0.00473,0.00032,0.00319,3.59733,0,-0.00124,-0.02173,0.00103,0.43951,0.74898,0.00304,1.26439,1.21716,0.03607,0,0.08672,2.74893,0.01492,0.13161,0.00001,-0.0015,0.07988,0.00887,0.11394,-0.03016,0.1751,0.52006,0.06728,0.96747,565.36438,0,0,1.43057,0,0.74962,-0.00665,2.62025,0,0.04806,0.02896,0,0,0,0.00384,0.43857,0,0.00181,0.01508,0,0.00009,0.98735,0.00725,1.65659,0.08434,5.6702,0,0,0,0,0,0.0009,0.06951,0,0.01848,2.52386,0.04547,0,0.0308,1.92682,0.00815,0,0.26437,1.14392,0.47137,1.01833,0,0.01874,0,0.55309,0.01996,0.51952,0,0,0.01365,0,1.78299,4.67,0.02729,0.68703,1.5756,2.74398,0.03362,0,1.27209,0.04025,10.50938,0.21466,0,0.00021,0.00001,0,0.008,0,0,0.03904,0,0.00906,0.01956,0.03161,0.06832,0.03741,0,0.05113,0.32216,0.03684,0.17772,0.01364,0.05666,0.00094,0.61762,0.11931,0,0,0.70712,0.13774,0,0,0,0,0,0.0086,0,0,0.77351,2.04936,0,3.84764,13.90342,0.02518,0,0.06155,-0.02142,0.55868,0,1.8478,0.00062
1998,0,0.03421,0,0.00019,0.13474,0.00001,0.62287,0,-0.01038,0.0891,-0.0002,-0.00001,0,2.24917,0.00004,3.87535,0.41906,0.02546,0,0.30688,0.03092,0.1383,0.06756,6.50281,0.36542,0.11495,0,0.33353,0.01561,0.43625,3.35556,0,0.00786,0,0.1926,33.25648,8.24091,0,0.5438,0,0.02555,0.1503,0.00138,0,0.04251,0.30598,0.86318,0.35571,0.00472,0.00047,-0.00164,2.32222,0,0.02312,0.11397,0.00103,0.40608,0.75441,0.04978,1.07243,1.16946,0.23397,0,0.03109,2.7034,0.01491,0.12327,0.00001,0.17912,0.08063,0.0089,0.77946,0.01519,0.1441,0.57077,0.06725,1.2468,58.24358,0,0,1.4123,0,0.66324,0.05268,3.31565,0,0.03849,0.029,0,0,0,0.00528,0.41752,0,0.00181,0.01483,0,0.00009,0.95865,0.00667,2.18981,0.08481,11.87144,0,0,0,0,0,-0.00233,0.08521,0,0.01876,2.49722,0.04118,0,0.01873,1.92882,0.00812,0,0.27179,1.03375,0.95361,1.05155,0,0.0087,0,0.66202,0.0083,0.50273,0,0,0.01492,0,3.86004,6.00802,0.00561,1.04873,1.64565,2.73682,0.03283,0,1.27814,0.07624,23.44258,0.21473,0,0.00031,0.00002,0,0.00813,0,0,0.03177,0,0.00924,0.02368,0.03682,0.04745,0.05461,0,0.05316,0.22992,0.04701,0.17769,0.01377,0.05974,0.00099,0.58961,0.12027,0,0,0.70902,0.11176,0,0,0,0.00001,0,0.00224,0,0,0.77407,2.08821,0,3.70542,13.43155,0.02597,0,0.00568,0.40269,0.57029,0,1.84782,0.00062
1999,0,0.0257,0,0.00009,0.13464,-0.00001,0.62869,-0.00001,0.09714,0.05256,-0.00041,0.00012,0,2.2383,-0.00002,4.38617,0.52339,0.02183,0,0.38324,0.01356,0.10991,0.07018,2.63681,0.12199,0.10765,0,0.3383,0.02113,0.14181,4.07676,0,0.00706,0,0.23198,39.76007,7.13554,0,0.40014,0,0.23343,0.12265,0.00571,0,0.0379,0.30859,0.39652,0.35713,0.00469,-0.00022,0.02003,2.29627,0,0.01288,-0.02206,0.00103,0.48998,0.76073,-0.04797,1.22659,1.11356,0.12554,0,-0.00602,2.73338,0.01489,0.12166,0,0.10902,0.08045,0.00885,1.02166,0.05391,0.17954,0.48065,0.06721,1.32063,57.15867,0,0,1.42217,0,0.59235,0.51963,2.67728,0,0.05239,0.029,0,0,0,0.00842,0.5136,0,0.00181,0.02193,0,0.00008,1.00297,0.00768,1.5434,0.08574,4.22966,0,0,0,0,0,-0.0003,0.05137,0,0.02026,2.22455,0.03548,0,0.03044,1.96313,0.0081,0,0.29884,1.12428,1.11522,1.26065,0,0.00031,0,0.56968,0.00594,0.51143,0,0,0.03041,0,4.20176,5.56185,0.00888,1.04827,1.14071,2.77707,0.03074,0,1.28731,0.04446,31.88608,0.21477,0,-0.00015,-0.00001,0,-0.0023,0,0,0.0118,0,0.00928,0.01836,0.03419,0.04345,0.0228,0,0.05639,0.31586,0.043,0.17697,0.01395,0.0661,0.0011,0.61006,0.1133,0,0,0.71385,-0.12908,0,0,0,-0.00001,0,-0.00209,0,0,0.77354,2.30376,0,3.70868,13.72306,0.02596,0,0.00325,0.47375,0.57946,0,1.85267,0.00062
2000,0,0.04066,0,0.00018,0.14864,0,0.63251,0,1.90952,0.04096,-0.00031,-0.00001,0,2.22911,-0.00002,4.00501,0.47723,0.02614,0,0.45374,0.00037,0.15939,0.07262,1.58291,0.08558,0.12349,0,0.33843,0.02989,-0.30687,13.02866,0,0.00514,0,0.35292,22.82014,1.78636,0,0.43851,0,0.85052,0.17934,0.00083,0,0.0461,0.30864,0.9892,0.38415,0.00469,-0.00021,0.00205,0.55017,0,0.03123,-0.126,0.00103,0.4586,0.76054,0.04392,1.16189,1.09941,-0.13392,0,0.00206,2.71729,0.01516,0.12701,0,0.25474,0.07956,0.00878,1.05353,-0.00068,0.27021,0.62586,0.06724,1.37727,54.73022,0,0,1.41307,0,0.63667,0.0208,2.94717,0,0.03803,0.02881,0,0,0,0.01326,0.47895,0,0.00182,0.01516,0,0.00008,0.99385,0.00672,1.10557,0.08575,3.74141,0,0,0,0,0,-0.00049,0.13605,0,0.02237,2.77174,0.04379,0,0.02556,1.93688,0.00813,0,0.31264,1.10341,0.0105,1.30695,0,0.00745,0,0.43203,0.0143,0.52383,0,0,0.0128,0,0.80497,3.6902,0.01105,0.39269,0.85611,2.76365,0.03027,0,1.28529,0.13072,16.26801,0.21487,0,-0.00014,-0.00001,0,0.00379,0,0,0.08027,0,0.00905,0.02159,0.04302,0.04973,0.05254,0,0.05703,0.21016,0.05121,0.17705,0.01395,0.07008,0.00115,0.77488,0.11709,0,0,0.71312,-0.1651,0,0,0,0,0,-0.00071,0,0,0.77266,2.1407,0,3.647,14.65787,0.02501,0,0.03055,0.50331,0.61683,0,1.86351,0.00062
2001,0,0.03035,0,0.00015,0.15324,0,0.634,0,0.18885,0.04966,-0.00031,0.00002,0,2.19608,-0.00002,3.95458,0.44875,0.03408,0,-0.04135,0.00609,0.13783,0.07262,3.16343,0.10701,0.12076,0,0.33753,0.01015,-0.45899,7.88586,0,0.00507,0,0.31626,23.71851,1.43093,0,0.33007,0,0.80823,0.15542,0.00026,0,0.03288,0.31463,0.41358,0.34669,0.00472,-0.00018,-0.00106,0.71342,0,0.05728,-0.17602,0.00103,0.44959,0.76286,0.04395,1.24136,1.06846,-0.19179,0,-0.00958,2.67252,0.01531,0.12456,0,0.44568,0.07894,0.00871,0.56341,-0.01526,0.68735,0.5074,0.06721,0.92295,45.16107,0,0,1.8692,0,0.54822,0.0207,2.76721,0,0.03113,0.02884,0,0,0,0.00311,0.46246,0,0.00182,0.01758,0,0.00008,0.88362,0.00667,0.57404,0.08664,8.04347,0,0,0,0,0,0.00054,-0.03142,0,0.02151,2.30603,0.03925,0,0.02677,1.92192,0.00811,0,0.29502,1.06795,2.45394,1.24346,0,0.01033,0,0.31799,0.01049,0.52444,0,0,0.04199,0,1.01366,3.98277,0.01421,1.06353,0.85482,2.67551,0.03056,0,1.28313,0.09921,14.04336,0.21409,0,-0.00012,-0.00001,0,0.00251,0,0,0.0484,0,0.00897,0.02742,0.02738,0.04695,0.0627,0,0.05726,0.21117,0.0415,0.17798,0.01397,0.06913,0.00116,0.73983,0.11021,0,0,0.71094,0.19577,0,0,0,-0.00001,0,-0.00218,0,0,0.77188,2.02922,0,3.69078,12.08935,0.02655,0,-0.02461,0.22627,0.54384,0,1.87375,0.00062
2002,0,0.03602,0,0.00023,0.14358,-0.00001,0.64535,0.00001,1.07576,0.05377,0.00074,-0.00001,0,2.1979,-0.00002,4.05248,0.45471,0.03437,0,0.08467,0.0069,0.13077,0.07315,3.60023,0.12047,0.12828,0,0.33727,0.01241,0.8256,6.19948,0,0.00409,0,0.20085,24.69546,5.03894,0,0.32925,0,1.0976,0.14499,0.00223,0,0.04298,0.31371,0.25487,0.36128,0.00482,-0.00022,0.0012,0.80612,0,0.05563,0.20183,0.00103,0.59496,0.77008,0.02346,1.4952,1.1445,0.38974,0,0.07311,2.67089,0.01532,0.12647,0,0.43123,0.07799,0.0086,0.65834,0.02427,0.61937,0.56075,0.06716,1.03332,132.77949,0,0,1.6433,0,0.46124,0.09895,2.57608,0,0.0194,0.02877,0,0,0,0.00462,0.51331,0,0.00182,0.01666,0,0.00008,0.98917,0.00705,0.63176,0.08702,10.31461,0.00005,0,0,0,0,-0.00042,-0.00599,0,0.01654,2.11013,0.03832,0,0.02475,1.9223,0.00812,0,0.29757,1.08206,0.32463,1.17067,0,0.00433,0,0.35117,0.01338,0.5085,0,0,0.01473,0,1.24514,3.64246,0.01223,0.28315,2.74034,2.72961,0.03017,0,1.28177,0.10542,9.32972,0.21309,0,-0.00015,-0.00001,0,0.00221,0,0,0.0213,0,0.00887,0.03195,0.0328,0.0454,0.0854,0,0.05936,0.15701,0.0648,0.18254,0.01398,0.07078,0.00122,0.72924,0.10828,0,0,0.70983,0.25495,0,0,0,-0.00001,0,0.00778,0,0,0.77188,2.14911,0,3.79362,14.78399,0.03756,0,-0.08333,0.34806,0.55859,0,1.873,0.00062
2003,0,0.03235,0,0.00031,0.14307,0,0.62745,0.00001,0.30059,0.05093,0.00052,-0.00001,0,2.19927,-0.00002,4.00416,0.60379,0.01506,0,0.13741,0.21288,0.20257,0.07381,8.88503,0.1632,0.11668,0,0.33713,0.02039,0.35274,6.49116,0,0.00571,0,0.3639,21.6162,25.97722,0,0.42212,0,0.55092,0.24676,0.0016,0,0.03901,0.31902,0.78228,0.36032,0.00481,-0.00021,-0.00016,11.89699,0,0.00041,0.01701,0.00103,0.46047,0.76747,0.03339,1.39963,1.29182,0.14853,0,0.01507,2.70901,0.01531,0.12049,0,0.00739,0.07736,0.00854,0.63142,0.01485,0.22986,0.70243,0.06706,1.07327,53.99466,0,0,1.67758,0,0.73313,0.05151,2.36976,0,0.03049,0.02864,0,0,0,0.00574,0.48073,0,0.00183,0.02767,0,0.00012,1.03994,0.00971,0.5853,0.08671,4.7564,-0.00001,0,0,0,0,0.00039,-0.04068,0,0.01781,1.97958,0.04731,0,0.02681,1.93392,0.00812,0,0.30276,1.22457,1.13829,1.38452,0,0.01069,0,0.6446,0.00514,0.52171,0,0,0.00762,0,1.01814,3.25763,0.00657,3.41363,3.82621,2.72395,0.02987,0,1.27996,0.14362,16.09293,0.21298,0,-0.00014,-0.00001,0,-0.00573,0,0,0.10494,0,0.00886,0.01091,0.03848,0.06313,0.07738,0,0.06293,0.16215,0.05875,0.17787,0.01396,0.07144,0.00132,0.75985,0.11911,0,0,0.70995,-0.08912,0,0,0,-0.00001,0,0.00009,0,0,0.77152,1.96073,0,3.88506,17.86507,0.02559,0,-0.04551,0.35864,0.5761,0,1.86754,0.00062
2004,0,0.03415,0,0.00006,0.15786,0,0.62674,0,0.45697,0.04687,0.00012,0.00021,0,2.1914,-0.00002,4.23011,0.98762,0.01648,0,0.17426,0.00841,0.1473,0.07732,1.84028,0.08259,0.10015,0,0.3362,0.01935,0.60798,6.23104,0,0.00499,0,0.30916,31.31344,3.81932,0,0.27115,0,-0.17573,0.17963,0.00634,0,0.04812,0.31656,0.30838,0.37579,0.00482,-0.0002,0.01654,0.99206,0,0.00249,0.11844,0.00103,0.68345,0.76981,0.02849,1.37543,1.27705,0.2628,0,0.04871,2.77789,0.0151,0.12954,0,0.01306,0.07648,0.00852,0.70781,0.12976,0.09663,0.46395,0.06705,1.11474,89.21418,0,0,1.72029,0,0.57821,0.11853,2.2729,0,0.03169,0.0286,0,0,0,0.00672,0.78235,0,0.00183,0.01904,0,0.0001,1.10122,0.01173,0.69066,0.08734,7.00306,0.0002,0,0,0,0,0.02611,0.00806,0,0.0166,2.09934,0.03773,0,0.03085,1.95438,0.00807,0,0.29834,1.84693,0.06945,0.12188,0,0.00703,0,0.92161,0.01777,0.54891,0,0,0.01139,0,0.92195,4.24238,0.00313,0.67333,-0.82002,2.74074,0.03164,0,1.27847,0.03832,6.16516,0.21254,0,-0.00014,-0.00001,0,-0.00085,0,0,-0.00887,0,0.0086,0.02163,0.03307,0.05245,0.14032,0,0.06339,0.24319,0.04274,0.19802,0.01398,0.09151,0.00134,0.80457,0.11174,0,0,0.70651,0.16095,0,0,0,-0.00001,0,0.00527,0,0,0.77091,2.03752,0,4.1207,13.86004,0.02144,0,0.00134,0.36978,0.5725,0,1.87041,0.00062
2005,0,0.03163,0,0.00056,0.17027,-0.00001,0.63687,0.00001,0.52389,0.05694,0.00038,-0.00001,0,2.18011,-0.00003,4.11795,0.64081,0.01637,0,-0.05869,0.00196,0.14723,0.07784,3.3187,0.10575,0.10168,0,0.33678,0.00489,0.28464,4.6151,0,0.00475,0,0.28114,27.46584,1.36736,0,0.41322,0,-0.20618,0.16878,0.00335,0,0.04026,0.31574,0.32283,0.44795,0.00487,-0.00031,0.00514,0.77114,0,0.00242,0.03314,0.00103,0.64093,0.77589,0.04595,1.47685,1.34935,0.12453,0,0.20092,2.75864,0.01508,0.12587,-0.00001,0.01923,0.07664,0.00854,0.44341,0.05853,0.05918,0.48091,0.06726,0.88539,73.40828,0,0,1.63761,0,0.5268,0.06382,2.9711,0,0.07531,0.0286,0,0,0,0.0031,0.68084,0,0.00183,0.01866,0,0.0001,1.04237,0.009,0.65503,0.08729,7.96089,0,0,0,0,0,-0.00049,0.00838,0,0.02047,2.8413,0.03998,0,0.03035,1.99525,0.00803,0,0.29247,2.57566,0.07349,0.03114,0,0.00222,0,0.66614,0.01268,0.52354,0,0,0.01014,0,0.6378,4.29637,0.00803,0.44879,2.99625,2.70054,0.0357,0,1.27869,0.04352,17.02003,0.21299,0,-0.00021,-0.00001,0,0.00129,0,0,0.05315,0,0.00863,0.02891,0.03018,0.04847,0.10707,0,0.06351,0.166,0.09821,0.17797,0.014,0.09116,0.00135,0.75695,0.11206,0,0,0.70798,0.2441,0,0,0,-0.00001,0,0.00262,0,0,0.7712,2.46558,0,4.01073,19.86815,0.02312,0,0.13361,0.17247,0.54505,0,1.87252,0.00061
2006,0,0.04578,0,0.00024,0.13557,0.00037,0.63596,0.00001,0.42737,0.05804,0.00077,0,0,2.19095,0.00144,4.09554,0.59806,0.05021,0,0.11306,0.00093,0.16248,0.07674,1.66862,0.08807,0.10732,0,0.33729,0.00488,0.01299,4.90602,0,0.00571,0,-0.33736,28.42145,2.49048,0,0.43056,0,0.35976,0.19437,0.00231,0,0.0478,0.31672,0.55854,0.43137,0.00489,0.01634,0.00262,1.38687,0,0.14057,-0.03984,0.00103,0.53084,0.77849,0.11446,1.26717,1.26502,0.05292,0,0.12126,2.75148,0.01506,0.13186,0.00036,1.13647,0.07676,0.00862,0.89679,0.01036,0.43492,0.51373,0.06714,1.04998,232.02635,0,0,1.63716,0,0.53822,0.20789,2.31329,0,0.05252,0.02857,0,0,0,0.0028,0.61144,0,0.00183,0.02032,0,0.0001,1.01226,0.00829,0.5749,0.08734,9.82716,0,0,0,0,0,0.0031,0.08172,0,0.01847,2.17202,0.03616,0,0.0268,2.01181,0.00789,0,0.29569,2.24975,1.15088,0.31568,0,0.00088,0,0.56494,0.02123,0.52493,0,0,0.01894,0,1.51832,7.19928,0.00736,0.42966,5.19023,2.67827,0.02815,0,1.27746,0.05535,15.81283,0.2129,0,0.01095,0.00055,0,0.00139,0,0,0.03988,0,0.00851,0.0082,0.02456,0.05272,0.04829,0,0.06358,0.01278,0.08043,0.17727,0.014,0.08969,0.00135,0.80033,0.10966,0,0,0.70588,0.1677,0,0,0,-0.00001,0,0.00227,0,0,0.77099,2.19801,0,5.19753,11.59396,0.02271,0,0.07329,0.54457,0.54476,0,1.86492,0.00061
2007,0,0.05024,0,0.00005,0.20636,0,0.6303,0,0.01547,0.10027,0.00025,-0.00001,0,2.19705,-0.00001,4.14097,0.49772,0.01564,0,0.1433,0.00049,0.22015,0.07719,-0.311,0.13142,0.12322,0,0.33717,0.01693,0.30804,1.7278,0,0.00586,0,-0.22812,22.04847,4.80117,0,0.32828,0,0.4422,0.32161,0.00435,0,0.04895,0.31437,-0.20233,0.38897,0.00489,-0.0001,0.00396,4.14356,0,0.00044,0.03246,0.00103,0.5548,0.77803,0.38257,1.34891,1.08765,0.20463,0,0.12678,2.70434,0.015,0.13247,0,0.01075,0.07633,0.00863,0.75275,0.0516,0.1824,0.65308,0.06717,1.08111,62.00655,0,0,1.56939,0,0.62425,0.2849,2.99898,0,0.0393,0.02843,0,0,0,0.00426,0.55765,0,0.00184,0.01732,0,0.00009,1.0292,0.00713,0.57965,0.0875,11.58937,0.0002,0,0,0,0,0.0005,-0.02896,0,0.03022,2.14434,0.04511,0,0.02558,1.99123,0.00794,0,0.29712,1.89654,0.37411,0.52526,0,0.00062,0,1.10213,0.02261,0.52153,0,0,0.0116,0,0.69818,5.01953,0.00444,0.65449,5.22562,2.8161,0.02852,0,1.27678,0.21508,26.68291,0.21355,0,-0.00007,0,0,-0.00059,0,0,0.08196,0,0.00836,0.02773,0.04631,0.09696,0.06308,0,0.0636,0.03526,0.08012,0.19496,0.01401,0.08937,0.00135,0.78556,0.10832,0,0,0.7033,0.18474,0,0,0,0,0,0.00474,0,0,0.77081,2.33471,0,4.56175,12.34998,0.03435,0,0.00897,0.55471,0.5594,0,1.87125,0.00061
2008,0,0.04778,0,0.00017,0.17484,0,0.63451,0,0.84341,0.06173,0.00009,0.00008,0,2.19831,-0.00001,4.01662,0.47999,0.02338,0,0.18322,0.01379,0.16388,0.07719,2.2345,0.11666,0.11298,0,0.33768,0.00477,0.45229,6.74452,0,0.0322,0,-0.04485,22.96743,2.02381,0,0.55045,0,0.39422,0.20745,0.00362,0,0.04144,0.31462,2.05525,0.52097,0.00485,-0.00013,0.00774,1.0868,0,0.0225,0.07654,0.00103,0.54692,0.78089,0.04788,1.35461,1.04706,0.20953,0,0.13058,2.77107,0.01458,0.13538,0,0.17612,0.07622,0.00865,0.61635,0.06552,0.17808,0.49317,0.06707,1.12453,81.3357,0,0,1.57788,0,1.01298,0.0683,3.14148,0,0.04458,0.02834,0,0,0,0.00537,0.54441,0,0.00184,0.01718,0,0.00008,0.99911,0.00688,0.63179,0.08826,14.49666,0,0,0,0,0,0.00112,-0.01821,0,0.01486,2.46501,0.03848,0,0.02753,1.96051,0.00788,0,0.29628,1.94987,1.89681,0.14762,0,0.008,0,0.94971,0.02652,0.52159,0,0,0.01359,0,0.75149,6.11318,0.00208,0.89297,3.40959,2.71069,0.03434,0,1.28536,0.04624,9.25846,0.21394,0,-0.00009,0,0,0.00018,0,0,0.03677,0,0.00832,0.02801,0.02669,0.06035,0.07673,0,0.06375,0.18195,0.08834,0.17487,0.01405,0.0923,0.00136,0.76655,0.10642,0,0,0.70178,0.21147,0,0,0,-0.00001,0,0.00725,0,0,0.77095,2.15411,0,4.33855,18.04121,0.04979,0,0.05315,0.339,0.55041,0,1.8735,0.0006
2009,0,0.03513,0,0.00015,0.19301,0,0.62981,0.00001,1.31191,0.052,0.0004,0.00037,0,2.1934,-0.00002,4.13851,0.58955,0.03061,0,0.0924,0.00621,0.16801,0.07743,2.49675,0.21455,0.1256,0,0.33735,0.01715,1.73646,0.52306,0,0.0164,0,0.19771,26.10821,2.54156,0,0.58013,0,0.61328,0.23438,0.0065,0,0.03834,0.31527,2.85546,0.52685,0.00485,-0.00017,0.01762,-0.44906,0,0.0412,0.43731,0.00103,0.52728,0.78679,0.03984,1.3534,1.13811,0.68622,0,0.11529,2.76005,0.01418,0.12659,0,0.31139,0.07656,0.0088,0.7181,0.13426,0.49899,0.65625,0.0671,1.03122,165.67532,0,0,1.52802,0,0.81863,0.12131,1.54013,0,0.04973,0.02832,0,0,0,0.00852,0.56934,0,0.00184,0.01825,0,0.00009,1.06852,0.00794,0.64787,0.08851,20.18889,0,0,0,0,0,0.00339,0.01273,0,0.03272,2.50644,0.03425,0,0.02981,1.94287,0.00781,0,0.29428,2.16902,0.30414,0.48002,0,0.01374,0,0.95597,0.01436,0.52019,0,0,0.01008,0,2.21759,5.09881,0.00467,0.97503,1.4758,2.7104,0.03073,0,1.27923,0.30195,42.6347,0.21365,0,-0.00012,-0.00001,0,0.00018,0,0,0.07017,0,0.00821,0.03837,0.03484,0.06624,0.16635,0,0.06378,0.33624,0.07771,0.174,0.01412,0.08835,0.00136,0.86744,0.11193,0,0,0.70067,0.48872,0,0,0,-0.00001,0,0.00648,0,0,0.77036,2.26558,0,4.50977,14.21818,0.02474,0,0.04062,0.55494,0.59286,0,1.86197,0.0006
2010,0,0.04069,0,0.00016,0.17044,0,0.64025,0.00001,0.64671,0.04226,0.00074,0.00005,0,2.22109,-0.00001,4.09931,0.52712,0.01888,0,0.56505,0.0085,0.16649,0.07743,3.18293,0.14752,0.12588,0,0.33763,0.0107,-0.50062,-0.70208,0,0.01886,0,0.27927,15.42306,1.81344,0,0.60725,0,0.32316,0.18768,0.0022,0,0.05054,0.31752,2.02971,0.47455,0.00486,-0.00015,0.00301,0.96502,0,-0.00171,-0.20418,0.00103,0.60996,0.78783,0.05321,1.39306,1.09137,-0.11638,0,0.1328,2.72853,0.01414,0.12884,0,-0.02385,0.07705,0.00889,0.37323,0.03032,0.31405,0.44913,0.30099,1.8794,74.64175,0,0,1.52354,0,0.70051,0.05128,1.86529,0,0.13025,0.02816,0,0,0,0.00073,0.59912,0,0.00184,0.01826,0,0.00008,1.02483,0.00749,0.70018,0.08826,15.69051,0.00008,0,0,0,0,-0.00059,0.03593,0,0.02266,2.32908,0.04492,0,0.02905,1.92895,0.00781,0,0.38274,1.91311,-0.00391,0.74936,0,0.0093,0,0.22123,0.01854,0.54305,0,0,0.01236,0,0.91569,2.65769,0.00565,0.67706,3.96099,2.81682,0.0295,0,1.28017,0.32494,66.65185,0.21344,0,-0.0001,-0.00001,0,-0.0004,0,0,0.1111,0,0.00822,0.04148,0.04304,0.05018,0.07908,0,0.06382,0.24636,0.08258,0.18144,0.01412,0.08909,0.00136,0.81232,0.10661,0,0,0.70128,0.25018,0,0,0,-0.00001,0,0.00667,0,0,0.77041,2.22376,0,4.46115,16.90451,0.05244,0,0.02094,0.27982,0.54469,0,1.86913,0.0006
2011,0,0.03856,0,0.0002,0.15954,0,0.63584,0.00002,0.4673,0.05523,0.00127,-0.00001,0,2.18,-0.00001,3.99678,0.57296,0.02355,0,0.03993,0.00667,0.15969,0.07702,-0.04406,0.21007,0.11536,0,0.33762,0.00505,0.31859,7.82347,0,0.01329,0,0.18108,22.92462,9.8478,0,0.56967,0,0.11064,0.18622,0.00353,0,0.04976,0.32249,1.83957,0.41701,0.00486,-0.00014,0.00484,5.30131,0,0.01794,0.03623,0.00103,0.55113,0.78925,0.05275,1.35665,1.1592,0.20605,0,0.10423,2.71779,0.01418,0.12759,0,0.13584,0.07717,0.00888,0.37247,0.06151,0.22088,0.55019,0.08841,0.97973,104.21563,0,0,1.60898,0,0.64897,0.07048,3.90363,0,0.0377,0.02773,0,0,0,0.00212,0.57553,0,0.00184,0.02318,0,0.00009,0.98516,0.00801,0.63702,0.08838,20.7845,0.00001,0,0,0,0,-0.00019,0.02036,0,0.01969,2.2001,0.04048,0,0.02532,1.91642,0.00778,0,0.2931,1.72969,0.89408,0.15778,0,0.00064,0,0.56129,0.01609,0.53328,0,0,0.01502,0,-0.03575,3.66114,0.00629,1.26171,5.01826,2.6862,0.03084,0,1.27732,0.12074,11.46825,0.21335,0,-0.00009,0,0,0.0002,0,0,0.05697,0,0.00822,0.05226,0.03038,0.05208,0.10461,0,0.06383,0.46372,0.06971,0.17453,0.01413,0.08824,0.00136,0.82842,0.10943,0,0,0.70026,0.37235,0,0,0,-0.00001,0,0.0046,0,0,0.77043,2.13148,0,4.19661,12.16204,0.02438,0,0.01081,0.67976,0.54948,0,1.86538,0.0006
2012,0,0.03856,0,0.0002,0.15153,0,0.63388,0.00001,0.39509,0.04845,0.00041,0.00008,0,2.18127,-0.00001,4.01045,0.57335,0.02101,0,0.07504,0.00496,0.19057,0.07701,3.18485,0.18823,0.11611,0,0.33757,0.00231,-0.61462,7.71515,0,0.00963,0,0.17667,22.88245,15.1741,0,0.56116,0,0.39677,0.30329,0.00336,0,0.04887,0.31862,1.70535,0.41828,0.00486,-0.00016,0.00522,-3.57948,0,0.01254,-0.23795,0.00103,0.55003,0.78914,0.05441,1.38701,1.16457,-0.1973,0,0.0916,2.71933,0.01393,0.12752,0,0.0998,0.07706,0.00888,0.69328,0.0577,0.21124,0.56369,0.08841,1.0479,112.0193,0,0,1.60859,0,0.65655,0.0664,3.4949,0,0.07595,0.02773,0,0,0,0.00516,0.5788,0,0.00184,0.01856,0,0.00009,0.99654,0.00823,0.56528,0.08848,18.50809,0,0,0,0,0,0.00406,0.03485,0,0.0199,2.20336,0.04048,0,0.02743,1.92462,0.00777,0,0.29351,1.73022,0.38548,0.34128,0,0.00125,0,0.39378,0.01609,0.53803,0,0,0.01502,0,0.95046,4.46154,0.00479,-0.00233,2.25455,2.69905,0.03083,0,1.27611,0.15595,59.901,0.21318,0,-0.00011,-0.00001,0,-0.00068,0,0,0.05695,0,0.00818,0.04705,0.03434,0.09289,0.00694,0,0.06383,-0.33169,0.06961,0.17295,0.01412,0.09213,0.00136,0.84351,0.10945,0,0,0.69997,0.31143,0,0,0,0.00001,0,0.00413,0,0,0.77025,2.17353,0,4.19698,16.45276,0.03662,0,0.02095,1.25156,0.55425,0,1.86163,0.00059
2013,0,0.0385,0,0.0002,0.14756,0,0.62806,-0.00001,0.40768,0.06689,-0.0006,-0.00001,0,2.17477,-0.00002,4.01457,0.5735,0.03808,0,0.03125,0.00906,0.1594,0.0766,1.79292,0.17427,0.11507,0,0.33724,0.00129,0.93592,6.16451,0,0.01117,0,0.17874,22.18839,2.17195,0,0.52223,0,0.2999,0.18621,0.00209,0,0.04313,0.31835,1.63829,0.42022,0.00482,-0.00018,0.00028,1.46581,0,0.08409,0.21456,0.00103,0.53328,0.78672,0.13863,1.45731,1.18816,0.38435,0,0.03765,2.74378,0.01349,0.12741,0,0.68638,0.07702,0.00887,0.41987,0.02741,0.18398,0.55351,0.08841,0.98092,106.31553,0,0,1.60845,0,0.64911,0.04349,2.38545,0,0.05704,0.02767,0,0,0,0.00407,0.54211,0,0.00184,0.01893,0,0.00009,0.98914,0.00833,0.66402,0.0878,23.70581,0,0,0,0,0,0.03895,0.07917,0,0.0197,2.11837,0.04048,0,0.02529,1.93052,0.00776,0,0.29302,1.72999,0.59426,0.21991,0,0.00845,0,0.32238,0.01609,0.54142,0,0,0.01502,0,0.65852,4.21703,-0.0007,1.86201,2.59774,2.69874,0.03074,0,1.27439,0.12004,34.76131,0.213,0,-0.00012,-0.00001,0,0.0008,0,0,0.05687,0,0.0082,0.05242,0.03436,0.05351,0.20371,0,0.06385,-0.36532,0.06961,0.17149,0.01411,0.09038,0.00136,0.83308,0.10961,0,0,0.69791,0.32137,0,0,0,0,0,-0.00169,0,0,0.76976,2.13224,0,4.19886,12.54193,0.03239,0,0.00695,0.40768,0.55203,0,1.86156,0.00059
2014,0,0.0385,0,0.0002,0.15222,0,0.6062,0,0.10754,0.06538,-0.0001,0.00018,0,2.15983,-0.00001,3.97799,0.57343,0.05462,0,-0.11857,0.0046,0.16366,0.07577,2.66321,0.22026,0.115,0,0.33744,0.04448,-0.11585,9.044,0,0.00845,0,0.15694,20.79143,4.62027,0,0.22979,0,0.41242,0.19938,0.00072,0,0.04604,0.32017,0.04456,0.41672,0.00482,-0.00009,0.01739,11.40084,0,0.15337,-0.09616,0.00103,0.56309,0.77904,0.01934,1.44692,1.15793,-0.03509,0,0.05996,2.73869,0.01333,0.12723,0,1.24552,0.07727,0.00892,1.00425,-0.00359,0.29841,0.55851,0.08841,0.85601,163.60082,0,0,1.60611,0,0.64994,0.02196,2.54053,0,0.05272,0.0276,0,0,0,0.01553,0.58741,0,0.00184,0.01981,0,0.00009,0.96257,0.00828,0.56836,0.08484,20.21448,0,0,0,0,0,-0.00072,0.0978,0,0.02053,2.15863,0.04048,0,0.02753,1.94502,0.00771,0,0.29019,1.72973,0.75743,0.10843,0,0.00246,0,0.25947,0.01609,0.53485,0,0,0.01502,0,0.76445,4.08572,0.00039,1.18533,2.09441,2.65916,0.03058,0,1.27172,0.14084,9.13389,0.21283,0,-0.00006,0,0,-0.00103,0,0,0.05827,0,0.0082,0.05856,0.0274,0.0579,0.04645,0,0.06386,0.4413,0.06954,0.16941,0.01405,0.08831,0.00135,0.81939,0.1099,0,0,0.69739,0.4894,0,0,0,-0.00001,0,0.00059,0,0,0.7696,2.11231,0,4.19564,15.62112,0.02475,0,0.00443,0.6213,0.67233,0,1.85976,0.00059
2015,0,0.03849,0,0.0002,0.14592,-0.00001,0.65496,0,0.70964,0.05474,-0.00013,-0.00001,0,2.16603,-0.00003,3.99782,0.57293,0.02911,0,0.00018,0.00446,0.16256,0.07577,5.00512,0.14611,0.11467,0,0.33754,0.00402,0.45915,8.52327,0,0.00795,0,0.15687,27.20187,2.8477,0,0.70511,0,0.74758,0.19449,0.00197,0,0.05411,0.31734,2.02538,0.4168,0.00482,-0.00033,0.00193,2.52285,0,0.03495,0.1146,0.00103,0.5702,0.77904,0.14036,1.38745,1.16209,0.16438,0,0.0574,2.7003,0.01333,0.12716,-0.00001,0.27045,0.0773,0.00893,1.3349,0.02478,0.30672,0.55545,0.08841,0.9458,267.17428,0,0,1.60621,0,0.64949,0.03981,2.52984,0,0.07719,0.0276,0,0,0,0.00112,0.60262,0,0.00183,0.01698,0,0.00009,0.96999,0.00796,0.56753,0.08491,13.9619,0.00003,0,0,0,0,0.00455,0.04655,0,0.01968,2.20058,0.04048,0,0.03009,1.94404,0.00771,0,0.29246,1.72897,0.19698,0.58552,0,0.00309,0,0.53718,0.01609,0.54495,0,0,0.01502,0,0.88891,3.70327,0.01293,-0.50431,1.80065,2.70448,0.03053,0,1.27041,0.11992,58.51675,0.21294,0,-0.00022,-0.00001,0,0.00844,0,0,0.05808,0,0.0082,0.02445,0.03791,0.05479,0.06824,0,0.06385,0.67664,0.06954,0.17242,0.01405,0.08921,0.00135,0.82532,0.11008,0,0,0.69791,0.37939,0,0,0,0,0,0.0003,0,0,0.76964,2.18463,0,4.19706,12.25144,0.0278,0,0.01053,0.62314,0.54907,0,1.86033,0.00059
2016,0,0.03848,0,0.0002,0.15895,0,0.62017,-0.00001,0.27981,0.05843,-0.00032,-0.00001,0,2.16914,-0.00002,4.03575,0.57327,0.02893,0,0.01946,-0.00051,0.15936,0.07685,3.31531,0.16273,0.11461,0,0.3343,0.00267,-0.04038,6.12507,0,0.01178,0,0.18436,20.25937,2.20721,0,0.43363,0,0.57533,0.18611,0.00163,0,0.04829,0.31944,1.35589,0.41785,0.00479,-0.0002,0.00045,2.0108,0,0.03773,-0.07549,0.00103,0.53389,0.77426,0.12861,1.3127,1.15607,-0.12257,0,0.06297,2.71087,0.0133,0.12713,0,0.29066,0.07712,0.00893,-0.04469,0.01486,0.38724,0.55578,0.08841,0.98258,52.02875,0,0,1.60509,0,0.65187,0.04587,2.18971,0,0.07169,0.0275,0,0,0,-0.00017,0.56958,0,0.00183,0.01815,0,0.00009,0.99426,0.00825,0.45916,0.08489,9.93725,0.00001,0,0,0,0,-0.00069,0.06153,0,0.01968,2.17693,0.04048,0,0.02802,1.94035,0.00772,0,0.28675,1.72764,0.59573,0.5143,0,0.00171,0,0.31354,0.01609,0.5446,0,0,0.01502,0,0.9846,7.40694,-0.00219,0.72809,2.27337,2.70005,0.03003,0,1.26942,0.12002,50.42035,0.21051,0,-0.00014,-0.00001,0,0.00112,0,0,0.05693,0,0.0082,0.02822,0.03574,0.0525,0.06697,0,0.06382,0.08394,0.0694,0.16952,0.01402,0.08811,0.00135,0.82353,0.10997,0,0,0.68849,0.14159,0,0,0,0.00001,0,0.00133,0,0,0.76917,2.15777,0,4.19778,13.37781,0.02809,0,0.00474,0.3391,0.53172,0,1.85848,0.00059
2017,0,0.03848,0,0.0002,0.16109,0.00002,0.61636,0.00001,0.39162,0.05304,0.00096,-0.00001,0,2.17103,0.00007,4.05097,0.57332,0.02957,0,0.04636,0.01537,0.15931,0.0774,1.57628,0.08424,0.11512,0,0.33339,0.00329,0.76038,7.4556,0,0.01473,0,0.17543,21.64681,7.41475,0,0.50041,0,0.64997,0.18583,0.0015,0,0.04683,0.31952,0.53386,0.41579,0.00479,0.00077,-0.00022,2.42256,0,0.03764,0.17968,0.00103,0.52396,0.77412,0.01858,1.39839,1.1608,0.38809,0,0.09986,2.68649,0.01331,0.12693,0.00002,0.29435,0.07734,0.00896,0.36434,0.01358,0.34382,0.56202,0.08841,0.98174,50.90087,0,0,1.60436,0,0.64887,0.03268,2.61946,0,0.05694,0.02753,0,0,0,-0.00008,0.55189,0,0.00183,0.01836,0,0.00009,1.00187,0.00827,0.61725,0.08503,8.43299,0.00003,0,0,0,0,0.00085,0.04653,0,0.0197,2.1414,0.04048,0,0.02513,1.91012,0.00771,0,0.28594,1.72725,0.42468,0.50853,0,0.00885,0,0.36603,0.01609,0.54555,0,0,0.01502,0,0.98762,3.37278,-0.00848,-0.05419,2.47141,2.70593,0.02993,0,1.26323,0.13885,39.22334,0.20941,0,0.00051,0.00003,0,0.00382,0,0,0.05789,0,0.00821,0.03318,0.03953,0.05174,0.02491,0,0.06382,0.10153,0.06877,0.1719,0.01402,0.08808,0.00135,0.83874,0.11088,0,0,0.68754,0.11817,0,0,0,0.00004,0,0.00446,0,0,0.76908,2.15172,0,4.19671,14.0058,0.02217,0,0.02973,0.44029,0.52181,0,1.85489,0.00059
2018,0,0.03836,0,0.0002,0.14501,-0.00001,0.6285,0,-0.15892,0.05154,0.00004,-0.00001,0,2.17864,-0.00002,3.96799,0.57266,0.02456,0,0.191,0.01984,0.16354,0.0774,4.96578,0.07374,0.11743,0,0.332,0.01634,-0.10094,4.8605,0,0.01407,0,0.15552,24.34928,4.80177,0,0.52418,0,0.32539,0.20066,0.00139,0,0.04643,0.31878,1.17753,0.41529,0.00474,-0.00023,-0.00224,5.84752,0,0.02791,-0.09358,0.00103,0.54042,0.76643,0.15175,1.39345,1.16437,-0.04519,0,0.02603,2.70066,0.01355,0.12626,-0.00001,0.23458,0.07752,0.00905,0.04788,0.01072,-0.0154,0.63876,0.08843,1.12059,67.50535,0,0,1.60318,0,0.67851,0.03254,2.93205,0,0.05739,0.02704,0,0,0,0.00225,0.55734,0,0.00183,0.01593,0,0.0001,0.99263,0.00797,0.59941,0.08468,8.56099,0,0,0,0,0,-0.00028,0.09643,0,0.02745,2.21336,0.04048,0,0.01883,1.90387,0.00768,0,0.28902,1.72645,0.41073,0.10616,0,0.0026,0,0.25995,0.01609,0.54244,0,0,0.01502,0,0.82081,3.26602,0.00251,0.11059,2.13298,2.76967,0.0296,0,1.25919,0.34929,26.76051,0.20849,0,-0.00016,-0.00001,0,-0.00029,0,0,0.06233,0,0.00804,0.02636,0.0583,0.05671,0.00549,0,0.06385,0.57008,0.06844,0.16853,0.01402,0.08781,0.00135,0.88247,0.11136,0,0,0.68554,0.14222,0,0,0,-0.00001,0,-0.00419,0,0,0.76877,2.20797,0,4.19572,12.42161,0.03512,0,0.01706,0.11205,0.54929,0,1.85553,0.00059
2019,0,0.0382,0,0.0002,0.12056,-0.00001,0.62526,-0.00001,-0.24424,0.05927,-0.00039,0.00001,0,2.17365,-0.00002,3.91552,0.57309,0.03117,0,-0.02436,0.00011,0.15821,0.08126,2.39623,0.09904,0.11438,0,0.32805,0.01261,-0.0182,5.15529,0,0.01065,0,0.19463,22.76421,1.88526,0,0.24552,0,0.41523,0.18594,0.00148,0,0.05381,0.31915,-0.33287,0.41487,0.00466,-0.00023,-0.00002,3.89534,0,0.03988,-0.04566,0.00103,0.52972,0.75502,0.04685,1.37211,1.16022,0.01375,0,0.05314,2.68598,0.01344,0.12596,-0.00001,0.32339,0.07904,0.00892,0.72254,0.01404,0.21052,0.54493,0.08878,0.92428,135.10689,0,0,1.59517,0,0.64783,0.03331,1.58374,0,0.04718,0.0264,0,0,0,0.00101,0.55831,0,0.00176,0.01469,0,0.00009,0.99466,0.00795,0.61239,0.08469,8.40298,0,0,0,0,0,-0.00073,0.36332,0,0.02135,2.13249,0.039,0,0.01865,1.90921,0.0085,0,0.28132,1.72426,0.41393,0.29974,0,0.00803,0,0.29006,0.01609,0.54096,0,0,0.01502,0,0.80945,3.46371,0.00881,1.08157,1.93574,2.75006,0.0295,0,1.23632,0.12004,23.501,0.20835,0,-0.00015,-0.00001,0,0.00393,0,0,0.05692,0,0.00857,0.02499,0.04001,0.05337,0.00573,0,0.06315,0.11654,0.06999,0.16593,0.01388,0.08849,0.00135,0.9083,0.1083,0,0,0.68475,0.19521,0,0,0,-0.00001,0,0.0001,0,0,0.77236,2.13117,0,4.19498,13.86893,0.03605,0,0.00455,0.40045,0.52892,0,1.86697,0.00058
2020,0,0.03818,0,0.0002,0.11835,0.00001,0.63816,0.00001,1.45172,0.06501,0.00042,0,0,2.16653,0.00003,3.96132,0.57329,0.02376,0,-0.14359,0.0117,0.1586,0.08167,7.72273,0.09127,0.11467,0,0.32745,0.00983,0.69811,6.57282,0,0.01077,0,0.20618,22.86339,1.53535,0,0.61441,0,0.25645,0.18648,0.00163,0,0.05317,0.31872,1.25067,0.41486,0.00466,0.00031,0.00019,1.8245,0,0.01273,0.15672,0.00103,0.54439,0.75806,0.09381,1.39866,1.1559,0.31128,0,0.07768,2.69968,0.01337,0.12586,0.00001,0.09845,0.07884,0.00891,0.97349,0.01758,0.16892,0.63537,0.08878,0.80563,45.12092,0,0,1.59448,0,0.64799,0.03678,2.28071,0,0.04615,0.02642,0,0,0,0.00331,0.55915,0,0.00176,0.01482,0,0.00009,0.97173,0.00809,0.58986,0.0836,8.29692,0,0,0,0,0,0.00068,0.00653,0,0.02207,2.13463,0.039,0,0.01822,1.90763,0.0085,0,0.27899,1.72458,0.37989,0.19232,0,0.01173,0,0.31895,0.01609,0.54217,0,0,0.01502,0,0.96749,3.47899,0.0071,0.31604,1.74453,2.68866,0.02945,0,1.23417,0.20988,9.79547,0.20814,0,0.00021,0.00001,0,0.00317,0,0,0.05764,0,0.00852,0.03127,0.05636,0.05413,0.00637,0,0.06311,0.00542,0.06999,0.16586,0.01388,0.08819,0.00135,0.90414,0.1083,0,0,0.68427,0.17878,0,0,0,-0.00001,0,0.00223,0,0,0.77114,2.15803,0,4.19375,12.64423,0.03644,0,0.00443,0.53306,0.52854,0,1.86883,0.00058
2021,0,0.03818,0,0.0002,0.09498,0.00002,0.65776,-0.00001,1.33804,0.05593,-0.0007,-0.00001,0,2.15599,0.00006,3.9654,0.57314,0.0201,0,-0.28322,0.01381,0.15812,0.08167,5.87027,0.07478,0.11432,0,0.32713,-0.00142,0.24327,8.5463,0,0.01307,0,0.187,21.40214,2.37866,0,0.58451,0,-0.14033,0.18611,0.00146,0,0.04332,0.31985,1.64652,0.41596,0.00457,0.00067,-0.00085,2.30816,0,0.0011,0.0225,0.00103,0.51786,0.75019,0.15895,1.3944,1.17438,0.14196,0,0.05514,2.68932,0.01364,0.1258,0.00001,0.01289,0.07805,0.00885,0.63126,0.01316,0.00804,0.55451,0.08878,0.67075,56.19594,0,0,1.59282,0,0.67281,0.0347,2.8422,0,0.04479,0.02391,0,0,0,0.00197,0.53667,0,0.00176,0.01447,0,0.0001,0.9611,0.00802,0.58436,0.08359,11.03793,0,0,0,0,0,-0.00043,-0.04637,0,0.02076,2.13663,0.039,0,0.0178,1.90055,0.00851,0,0.27604,1.72258,0.60835,0.05574,0,0.00327,0,0.13693,0.01609,0.54406,0,0,0.01502,0,0.69666,3.60358,0.01456,0.60277,1.65773,2.66091,0.02934,0,1.23438,0.12095,16.34206,0.20756,0,0.00045,0.00002,0,0.00215,0,0,0.05696,0,0.00846,0.03091,0.03457,0.05299,0.00563,0,0.06307,-0.26331,0.06998,0.16577,0.01388,0.09078,0.00135,0.88987,0.1098,0,0,0.68209,0.42666,0,0,0,-0.00001,0,0.00081,0,0,0.77031,2.11664,0,4.18817,12.4851,0.02947,0,0.00607,0.29616,0.52296,0,1.86873,0.00058
2022,0,0.03817,0,0.0002,0.1698,0,0.60632,0.00001,-0.85601,0.05685,0.00041,-0.00001,0,2.14027,-0.00002,3.80755,0.57296,0.02785,0,-0.037,0.01321,0.15808,0.08209,5.60191,0.07266,0.11409,0,0.32716,0.0079,0.49186,4.08529,0,0.01299,0,0.18917,22.33764,2.36309,0,0.62315,0,-0.25853,0.18586,0.00174,0,0.04232,0.32004,1.60271,0.41328,0.00456,-0.00022,0.00029,2.34213,0,0.03026,0.1138,0.00103,0.53909,0.74646,0.04745,1.43931,1.15921,0.23096,0,0.07188,2.67941,0.01376,0.12563,0,0.24145,0.07725,0.00875,0.68157,0.01998,0.18927,0.54644,0.08878,0.89889,45.55468,0,0,1.59031,0,0.65013,0.0387,2.95753,0,0.05586,0.02238,0,0,0,0.00116,0.55654,0,0.00176,0.01548,0,0.00009,0.97811,0.00795,0.60887,0.08362,8.24847,0.00001,0,0,0,0,0.00034,0.011,0,0.02077,2.16332,0.039,0,0.01938,1.89782,0.00852,0,0.28052,1.72111,0.56707,0.14601,0,0.0091,0,0.46382,0.01609,0.54071,0,0,0.01502,0,0.65143,2.65918,-0.00176,0.67724,2.46819,2.67558,0.02914,0,1.23274,0.12014,41.33927,0.20753,0,-0.00014,-0.00001,0,0.00594,0,0,0.0569,0,0.00838,0.02976,0.03161,0.05292,0.00638,0,0.06309,0.59807,0.06998,0.16614,0.01386,0.09389,0.00135,0.94605,0.1081,0,0,0.68119,0.21105,0,0,0,0,0,0.00147,0,0,0.77008,2.0762,0,4.18236,13.47597,0.03579,0,0.01079,0.28579,0.52694,0,1.87422,0.00058
2023,0,0.03817,0,0.0002,0.0873,-0.00001,0.61213,-0.00001,0.43472,0.03992,-0.00077,-0.00001,0,2.14026,-0.00002,3.97929,0.57297,0.0263,0,-0.03723,0.0132,0.15808,0.08209,8.06065,0.07825,0.11408,0,0.32726,0.00788,-0.31532,8.07694,0,0.01378,0,0.05726,21.30678,2.04329,0,0.46392,0,-0.05767,0.18543,0.002,0,0.04919,0.32007,0.97102,0.41328,0.00456,-0.00023,0.00158,-2.70947,0,0.02384,-0.12312,0.00103,0.55375,0.74646,-0.17436,1.46039,1.15747,-0.07036,0,0.05894,2.69858,0.01376,0.12563,-0.00001,0.19018,0.07725,0.00875,0.66904,0.02574,0.16895,0.54506,0.08878,0.89809,75.98744,0,0,1.59028,0,0.64974,0.04418,2.27763,0,0.05798,0.02238,0,0,0,0.00122,0.58533,0,0.00176,0.01551,0,0.00009,0.97446,0.00795,0.63638,0.08362,8.36408,0.00001,0,0,0,0,0.00023,-0.22794,0,0.02073,2.16884,0.039,0,0.01931,1.89772,0.00852,0,0.2805,1.72109,0.47653,0.18257,0,0.01059,0,0.31236,0.01609,0.55014,0,0,0.01502,0,0.62927,3.37024,-0.00345,1.00983,2.24281,2.67028,0.02914,0,1.23275,0.11954,42.79219,0.20764,0,-0.00015,-0.00001,0,0.00595,0,0,0.05692,0,0.00838,0.02975,0.03087,0.05066,0.00704,0,0.06309,0.62218,0.06998,0.16613,0.01386,0.0936,0.00135,0.96236,0.10809,0,0,0.6812,0.21426,0,0,0,0,0,0.00142,0,0,0.77013,2.12432,0,4.18234,13.03174,0.03699,0,0.01068,0.41617,0.52712,0,1.8742,0.00058
2024,0,0.03817,0,0.0002,0.0873,-0.00001,0.61213,-0.00001,0.43472,0.03992,-0.00077,-0.00001,0,2.14026,-0.00002,3.97929,0.57297,0.0263,0,-0.03723,0.0132,0.15808,0.08209,8.06065,0.0879,0.11408,0,0.32726,0.00788,-0.31532,8.07694,0,0.01378,0,0.05726,21.30678,2.04329,0,0.46392,0,-0.05767,0.18543,0.002,0,0.04919,0.32007,0.97102,0.41328,0.00456,-0.00023,0.00158,-2.70947,0,0.02384,-0.12312,0.00103,0.55375,0.74646,-0.17436,1.46039,1.15747,-0.07036,0,0.05894,2.69858,0.01376,0.12563,-0.00001,0.19018,0.07725,0.00875,0.66904,0.02574,0.16895,0.54506,0.08878,0.89809,50.23222,0,0,1.59028,0,0.64974,0.04418,2.27763,0,0.05798,0.02238,0,0,0,0.00122,0.58533,0,0.00176,0.01551,0,0.00009,0.97446,0.00795,0.63638,0.08362,8.54941,0.00001,0,0,0,0,0.00023,-0.22794,0,0.02073,2.16884,0.039,0,0.01931,1.89772,0.00852,0,0.2805,1.72109,0.47653,0.18257,0,0.01059,0,0.31236,0.01609,0.55014,0,0,0.01502,0,0.62927,3.37024,-0.00345,1.00983,2.24281,2.67028,0.02914,0,1.23275,0.11954,42.79219,0.20764,0,-0.00015,-0.00001,0,0.00595,0,0,0.05692,0,0.00838,0.02975,0.03087,0.05066,0.00704,0,0.06309,0.62218,0.06998,0.16613,0.01386,0.0936,0.00135,0.96236,0.10809,0,0,0.6812,0.21426,0,0,0,0,0,0.00142,0,0,0.77013,2.12432,0,4.18234,13.03174,0.03699,0,0.01068,0.41617,0.52712,0,1.8742,0.00058
,,,,,,,,,,,,,,,,,,,,,,,,,,,,,,,,,,,,,,,,,,,,,,,,,,,,,,,,,,,,,,,,,,,,,,,,,,,,,,,,,,,,,,,,,,,,,,,,,,,,,,,,,,,,,,,,,,,,,,,,,,,,,,,,,,,,,,,,,,,,,,,,,,,,,,,,,,,,,,,,,,,,,,,,,,,,,,,,,,,,,,,,,,,,,,,,,,
SOURCES,,,,,,,,,,,,,,,,,,,,,,,,,,,,,,,,,,,,,,,,,,,,,,,,,,,,,,,,,,,,,,,,,,,,,,,,,,,,,,,,,,,,,,,,,,,,,,,,,,,,,,,,,,,,,,,,,,,,,,,,,,,,,,,,,,,,,,,,,,,,,,,,,,,,,,,,,,,,,,,,,,,,,,,,,,,,,,,,,,,,,,,,,,,,,,,,,,
Peat emissions,"<b>REFERENCES:</b><br /> Pierre Friedlingstein, Michael O'Sullivan, Matthew W. Jones, Robbie M. Andrew, Dorothee C. E. Bakker, Judith Hauck, Peter Landschützer, Corinne Le Quéré, Hongmei Li, Ingrid T. Luijkx, Glen P. Peters, Wouter Peters, Julia Pongratz, Clemens Schwingshackl, Stephen Sitch, Josep G. Canadell, Philippe Ciais, Kjetil Aas, Simone R. Alin, Peter Anthoni, Leticia Barbero, Nicholas R. Bates, Nicolas Bellouin, Alice Benoit-Cattin, Carla F. Berghoff, Raffaele Bernardello, Laurent Bopp, Ida B.M. Brasika, Matthew A Chamberlain, Naveen Chandra, Frédéric Chevallier, Louise P. Chini, Nathan O Collier, Thomas H. Colligan, Margot Cronin, Laique Djeutchouang, Xinyu Dou, Matt P. Enright, Kazutaka Enyo, Michael Erb, Wiley Evans, Richard A. Feely, Liang Feng, Daniel J Ford, Adrianna Foster, Filippa Fransner, Thomas Gasser, Marion Gehlen, Thanos Gkritzalis, Jefferson Goncalves De Souza, Giacomo Grassi, Luke Gregor, Nicolas Gruber, Bertrand Guenet, Özgür Gürses, Kirsty Harrington, Ian Harris, Jens Heinke, George C. Hurtt, Yosuke Iida, Tatiana Ilyina, Akihiko Ito, Andrew R. Jacobson, Atul K. Jain, Tereza Jarníková, Annika Jersild, Fei Jiang, Steve D. Jones, Etsushi Kato, Ralph F. Keeling, Kees Klein Goldewijk, Jürgen Knauer, Yawen Kong, Jan Ivar Korsbakken, Charles Koven, Taro Kunimitsu, Xin Lan, Junjie Liu, Zhiqiang Liu, Zhu Liu, Claire Lo Monaco, Lei Ma, Gregg Marland, Patrick C. McGuire, Galen A. McKinley, Joe Melton, Natalie Monacci, Erwan Monier, Eric J. Morgan, David R. Munro, Jens D Müller, Shin-Ichiro Nakaoka, Lorna R. Nayagam, Yosuke Niwa, Tobias Nutzel, Are Olsen, Abdirahman M. Omar, Naiqing Pan, Sudhanshu Pandey, Denis Pierrot, Zhangcai Qin, Pierre A.G. Regnier, Gregor Rehder, Laure Resplandy, Alizée Roobaert, Thais M Rosan, Christian Rödenbeck, Jörg Schwinger, Ingunn Skjelvan, T. Luke Smallman, Victoria Spada, Mohanan G. Sreeush, Qing Sun, Adrienne J. Sutton, Colm Sweeney, Didier Swingedouw, Roland Séférian, Shintaro Takao, Hiroaki Tatebe, Hanqin Tian, Xiangjun Tian, Bronte Tilbrook, Hiroyuki Tsujino, Francesco Tubiello, Erik Van Ooijen, Guido van der Werf, Sebastiaan J. Van de Velde, Anthony Walker, Rik Wanninkhof, Xiaojuan Yang, Wenping Yuan, Xu Yue, and Jiye Zeng: Global Carbon Budget 2025, Earth Syst. Sci. Data. Discussions, 2025. <br /><br /> <b>BLUE Bookkeeping model</b><br /> Hansis, E., Davis, S. J., and Pongratz, J.: Relevance of methodological choices for accounting of land use change carbon fluxes, Global Biogeochem. Cy., 29, 1230–1246, <a href='https://doi.org/10.1002/2014GB004997' target='_blank'>https://doi.org/10.1002/2014GB004997</a>, 2015. <br /><br /> <b>LUCE Bookkeeping model</b><br /> Qin, Z., Zhu, Y., Canadell, J. G., Chen, M., Li, T., Mishra, U. and Yuan, W.: Global spatially explicit carbon emissions from land-use change over the past six decades (1961–2020), One Earth, 7, 835–847, <a href='https://doi.org/10.1016/j.oneear.2024.04.002' target='_blank'>https://doi.org/10.1016/j.oneear.2024.04.002</a>, 2024. <br /><br /> <b>OSCAR Bookkeeping model</b><br /> Gasser, T., Crepin, L., Quilcaille, Y., Houghton, R. A., Ciais, P., and Obersteiner, M.: Historical CO2 emissions from land use and land cover change and their uncertainty, Biogeosciences, 17, 4075–4101, <a target='_blank' href='https://doi.org/10.5194/bg-17-4075-2020'>https://doi.org/10.5194/bg-17-4075-2020</a>, 2020.",,,,,,,,,,,,,,,,,,,,,,,,,,,,,,,,,,,,,,,,,,,,,,,,,,,,,,,,,,,,,,,,,,,,,,,,,,,,,,,,,,,,,,,,,,,,,,,,,,,,,,,,,,,,,,,,,,,,,,,,,,,,,,,,,,,,,,,,,,,,,,,,,,,,,,,,,,,,,,,,,,,,,,,,,,,,,,,,,,,,,,,,,,,,,,,,,